DDI,no.,FisherMode,method,isTest,recall,precision,accuracy
Skp1_int_Skp1_POZ,1,FisherM1ONLY,SVM,True,0.47859922178988329,0.52340425531914891,0.52140077821011677
Skp1_int_Skp1_POZ,1,FisherM1ONLY,SVM,False,0.50617848970251711,0.52516619183285851,0.52425629290617848
Skp1_int_Skp1_POZ,1,FisherM1ONLY,SVM_RBF,True,0.57198443579766534,0.55263157894736847,0.55447470817120625
Skp1_int_Skp1_POZ,1,FisherM1ONLY,SVM_RBF,False,0.62929061784897022,0.55000000000000004,0.55720823798627006
Skp1_int_Skp1_POZ,1,FisherM1ONLY,DL_xy,False,0.75409836065573765,0.64271457085828343,0.67505720823798632
Skp1_int_Skp1_POZ,1,FisherM1ONLY,DL_xy,True,0.68871595330739299,0.61888111888111885,0.63229571984435795
Skp1_int_Skp1_POZ,1,FisherM1ONLY,Sda_xy_with_first,False,0.78142076502732238,0.64580645161290318,0.68382913806254764
Skp1_int_Skp1_POZ,1,FisherM1ONLY,Sda_xy_with_first,True,0.71206225680933855,0.62244897959183676,0.6400778210116731
Skp1_int_Skp1_POZ,1,FisherM1ONLY,Sda_new,False,0.75409836065573765,0.6783707865168539,0.70518688024408849
Skp1_int_Skp1_POZ,1,FisherM1ONLY,Sda_new,True,0.68871595330739299,0.64835164835164838,0.65758754863813229
Skp1_int_Skp1_POZ,1,FisherM1ONLY,SAE_SVM,True,0.69649805447470814,0.68320610687022898,0.6867704280155642
Skp1_int_Skp1_POZ,1,FisherM1ONLY,SAE_SVM,False,0.71990846681922194,0.70317389360751004,0.70800915331807779
Skp1_int_Skp1_POZ,1,FisherM1ONLY,DL,False,0.49414519906323184,0.54102564102564099,0.54805491990846678
Skp1_int_Skp1_POZ,1,FisherM1ONLY,DL,True,0.44747081712062259,0.57213930348258701,0.55642023346303504
Skp1_int_Skp1_POZ,1,FisherM1ONLY,DL_S,False,0.64246682279469169,0.50490797546012267,0.51754385964912286
Skp1_int_Skp1_POZ,1,FisherM1ONLY,DL_S,True,0.54863813229571989,0.52416356877323422,0.52529182879377434
Skp1_int_Skp1_POZ,1,FisherM1ONLY,DL_S_new,False,0.492583918813427,0.51426242868785654,0.52479023646071699
Skp1_int_Skp1_POZ,1,FisherM1ONLY,DL_S_new,True,0.42801556420233461,0.53398058252427183,0.52723735408560313
Skp1_int_Skp1_POZ,1,FisherM1ONLY,DL_S_new_contraction,False,0.0,0.0,0.51144164759725397
Skp1_int_Skp1_POZ,1,FisherM1ONLY,DL_S_new_contraction,True,0.0,0.0,0.5
Skp1_int_Skp1_POZ,1,FisherM1ONLY,DL_S_new_sparsity,False,0.48165495706479311,0.530524505588994,0.53852021357742186
Skp1_int_Skp1_POZ,1,FisherM1ONLY,DL_S_new_sparsity,True,0.41245136186770426,0.53266331658291455,0.52529182879377434
Skp1_int_Skp1_POZ,1,FisherM1ONLY,l1_reg,False,0.0,0.0,0.51144164759725397
Skp1_int_Skp1_POZ,1,FisherM1ONLY,l1_reg,True,0.0,0.0,0.5
Skp1_int_Skp1_POZ,1,FisherM1ONLY,DL_S_new_Drop_out,False,0.0,0.0,0.51144164759725397
Skp1_int_Skp1_POZ,1,FisherM1ONLY,DL_S_new_Drop_out,True,0.0,0.0,0.5
Skp1_int_Skp1_POZ,2,FisherM1ONLY,SVM,True,0.55327868852459017,0.54878048780487809,0.54918032786885251
Skp1_int_Skp1_POZ,2,FisherM1ONLY,SVM,False,0.53457688808007275,0.55164319248826288,0.55004549590536855
Skp1_int_Skp1_POZ,2,FisherM1ONLY,SVM_RBF,True,0.5901639344262295,0.54545454545454541,0.54918032786885251
Skp1_int_Skp1_POZ,2,FisherM1ONLY,SVM_RBF,False,0.57870791628753415,0.55448997384481258,0.556869881710646
Skp1_int_Skp1_POZ,2,FisherM1ONLY,DL_xy,False,0.95779954785229837,0.53448275862068961,0.55896852483883197
Skp1_int_Skp1_POZ,2,FisherM1ONLY,DL_xy,True,0.96311475409836067,0.51648351648351654,0.53073770491803274
Skp1_int_Skp1_POZ,2,FisherM1ONLY,Sda_xy_with_first,False,0.96307460437076109,0.53720050441361922,0.56389836935912019
Skp1_int_Skp1_POZ,2,FisherM1ONLY,Sda_xy_with_first,True,0.96311475409836067,0.51876379690949226,0.5348360655737705
Skp1_int_Skp1_POZ,2,FisherM1ONLY,Sda_new,False,0.89751318764129617,0.60242792109256449,0.65036025786879026
Skp1_int_Skp1_POZ,2,FisherM1ONLY,Sda_new,True,0.90163934426229508,0.60109289617486339,0.65163934426229508
Skp1_int_Skp1_POZ,2,FisherM1ONLY,SAE_SVM,True,0.75819672131147542,0.67765567765567769,0.69877049180327866
Skp1_int_Skp1_POZ,2,FisherM1ONLY,SAE_SVM,False,0.71929026387625117,0.67621899059024804,0.68744313011828939
Skp1_int_Skp1_POZ,2,FisherM1ONLY,DL,False,0.49434815373021856,0.55265374894692498,0.54417899127796743
Skp1_int_Skp1_POZ,2,FisherM1ONLY,DL,True,0.52049180327868849,0.53586497890295359,0.5348360655737705
Skp1_int_Skp1_POZ,2,FisherM1ONLY,DL_S,False,0.4740015071590053,0.53945111492281306,0.5316647705726204
Skp1_int_Skp1_POZ,2,FisherM1ONLY,DL_S,True,0.50819672131147542,0.53679653679653683,0.5348360655737705
Skp1_int_Skp1_POZ,2,FisherM1ONLY,DL_S_new,False,0.92916352675207237,0.51915789473684215,0.53128555176336745
Skp1_int_Skp1_POZ,2,FisherM1ONLY,DL_S_new,True,0.95491803278688525,0.51208791208791204,0.52254098360655743
Skp1_int_Skp1_POZ,2,FisherM1ONLY,DL_S_new_contraction,False,1.0,0.50322335987864997,0.50322335987864997
Skp1_int_Skp1_POZ,2,FisherM1ONLY,DL_S_new_contraction,True,1.0,0.5,0.5
Skp1_int_Skp1_POZ,2,FisherM1ONLY,DL_S_new_sparsity,False,0.53202712886209491,0.52026529108327191,0.51763367463026166
Skp1_int_Skp1_POZ,2,FisherM1ONLY,DL_S_new_sparsity,True,0.57786885245901642,0.52611940298507465,0.52868852459016391
Skp1_int_Skp1_POZ,2,FisherM1ONLY,l1_reg,False,1.0,0.50322335987864997,0.50322335987864997
Skp1_int_Skp1_POZ,2,FisherM1ONLY,l1_reg,True,1.0,0.5,0.5
Skp1_int_Skp1_POZ,2,FisherM1ONLY,DL_S_new_Drop_out,False,1.0,0.50322335987864997,0.50322335987864997
Skp1_int_Skp1_POZ,2,FisherM1ONLY,DL_S_new_Drop_out,True,1.0,0.5,0.5
Skp1_int_Skp1_POZ,3,FisherM1ONLY,SVM,True,0.54471544715447151,0.56540084388185641,0.56300813008130079
Skp1_int_Skp1_POZ,3,FisherM1ONLY,SVM,False,0.53779599271402545,0.57722385141739985,0.57194899817850642
Skp1_int_Skp1_POZ,3,FisherM1ONLY,SVM_RBF,True,0.52439024390243905,0.54893617021276597,0.5467479674796748
Skp1_int_Skp1_POZ,3,FisherM1ONLY,SVM_RBF,False,0.52777777777777779,0.56071601354620226,0.55714936247723135
Skp1_int_Skp1_POZ,3,FisherM1ONLY,DL_xy,False,0.72149961744452951,0.6064308681672026,0.6296015180265655
Skp1_int_Skp1_POZ,3,FisherM1ONLY,DL_xy,True,0.73577235772357719,0.60333333333333339,0.62601626016260159
Skp1_int_Skp1_POZ,3,FisherM1ONLY,Sda_xy_with_first,False,0.76740627390971694,0.5811123986095017,0.61024667931688803
Skp1_int_Skp1_POZ,3,FisherM1ONLY,Sda_xy_with_first,True,0.76422764227642281,0.58385093167701863,0.6097560975609756
Skp1_int_Skp1_POZ,3,FisherM1ONLY,Sda_new,False,0.87605202754399392,0.60614081524616203,0.6561669829222011
Skp1_int_Skp1_POZ,3,FisherM1ONLY,Sda_new,True,0.88211382113821135,0.61126760563380278,0.66056910569105687
Skp1_int_Skp1_POZ,3,FisherM1ONLY,SAE_SVM,True,0.7967479674796748,0.69503546099290781,0.72357723577235777
Skp1_int_Skp1_POZ,3,FisherM1ONLY,SAE_SVM,False,0.78734061930783239,0.68829617834394907,0.71539162112932608
Skp1_int_Skp1_POZ,3,FisherM1ONLY,DL,False,0.45065034429992351,0.62065331928345624,0.59089184060721067
Skp1_int_Skp1_POZ,3,FisherM1ONLY,DL,True,0.43089430894308944,0.58888888888888891,0.56504065040650409
Skp1_int_Skp1_POZ,3,FisherM1ONLY,DL_S,False,0.47360367253251723,0.55120213713268029,0.54762808349146108
Skp1_int_Skp1_POZ,3,FisherM1ONLY,DL_S,True,0.47560975609756095,0.5246636771300448,0.52235772357723576
Skp1_int_Skp1_POZ,3,FisherM1ONLY,DL_S_new,False,0.63963274674827852,0.53796653796653793,0.54876660341555972
Skp1_int_Skp1_POZ,3,FisherM1ONLY,DL_S_new,True,0.65040650406504064,0.52631578947368418,0.53252032520325199
Skp1_int_Skp1_POZ,3,FisherM1ONLY,DL_S_new_contraction,False,1.0,0.49601518026565472,0.49601518026565466
Skp1_int_Skp1_POZ,3,FisherM1ONLY,DL_S_new_contraction,True,1.0,0.5,0.5
Skp1_int_Skp1_POZ,3,FisherM1ONLY,DL_S_new_sparsity,False,0.65876052027543996,0.54150943396226414,0.5540796963946869
Skp1_int_Skp1_POZ,3,FisherM1ONLY,DL_S_new_sparsity,True,0.66666666666666663,0.53246753246753242,0.54065040650406504
Skp1_int_Skp1_POZ,3,FisherM1ONLY,l1_reg,False,1.0,0.49601518026565472,0.49601518026565466
Skp1_int_Skp1_POZ,3,FisherM1ONLY,l1_reg,True,1.0,0.5,0.5
Skp1_int_Skp1_POZ,3,FisherM1ONLY,DL_S_new_Drop_out,False,1.0,0.49601518026565472,0.49601518026565466
Skp1_int_Skp1_POZ,3,FisherM1ONLY,DL_S_new_Drop_out,True,1.0,0.5,0.5
Skp1_int_Skp1_POZ,4,FisherM1ONLY,SVM,True,0.5668016194331984,0.55555555555555558,0.55668016194331982
Skp1_int_Skp1_POZ,4,FisherM1ONLY,SVM,False,0.55626423690205007,0.56189599631845377,0.56127562642369022
Skp1_int_Skp1_POZ,4,FisherM1ONLY,SVM_RBF,True,0.58704453441295545,0.5513307984790875,0.55465587044534415
Skp1_int_Skp1_POZ,4,FisherM1ONLY,SVM_RBF,False,0.57904328018223239,0.5538126361655773,0.55626423690205007
Skp1_int_Skp1_POZ,4,FisherM1ONLY,DL_xy,False,0.6819221967963387,0.60774983004758665,0.62262718299164765
Skp1_int_Skp1_POZ,4,FisherM1ONLY,DL_xy,True,0.65587044534412953,0.59124087591240881,0.60121457489878538
Skp1_int_Skp1_POZ,4,FisherM1ONLY,Sda_xy_with_first,False,0.70709382151029754,0.61309523809523814,0.63211845102505693
Skp1_int_Skp1_POZ,4,FisherM1ONLY,Sda_xy_with_first,True,0.68016194331983804,0.58947368421052626,0.60323886639676116
Skp1_int_Skp1_POZ,4,FisherM1ONLY,Sda_new,False,0.78947368421052633,0.66990291262135926,0.70159453302961272
Skp1_int_Skp1_POZ,4,FisherM1ONLY,Sda_new,True,0.78542510121457487,0.64026402640264024,0.67206477732793524
Skp1_int_Skp1_POZ,4,FisherM1ONLY,SAE_SVM,True,0.75708502024291502,0.70037453183520604,0.7165991902834008
Skp1_int_Skp1_POZ,4,FisherM1ONLY,SAE_SVM,False,0.73029612756264239,0.68650963597430403,0.69840546697038719
Skp1_int_Skp1_POZ,4,FisherM1ONLY,DL,False,0.69107551487414187,0.54545454545454541,0.55960516324981013
Skp1_int_Skp1_POZ,4,FisherM1ONLY,DL,True,0.67611336032388669,0.52351097178683381,0.53036437246963564
Skp1_int_Skp1_POZ,4,FisherM1ONLY,DL_S,False,0.69183829138062547,0.53103044496487117,0.54252088078967353
Skp1_int_Skp1_POZ,4,FisherM1ONLY,DL_S,True,0.67611336032388669,0.51702786377708976,0.52226720647773284
Skp1_int_Skp1_POZ,4,FisherM1ONLY,DL_S_new,False,0.65751334858886346,0.52948402948402951,0.53872437357630976
Skp1_int_Skp1_POZ,4,FisherM1ONLY,DL_S_new,True,0.65182186234817818,0.51111111111111107,0.51417004048582993
Skp1_int_Skp1_POZ,4,FisherM1ONLY,DL_S_new_contraction,False,1.0,0.49772209567198183,0.49772209567198178
Skp1_int_Skp1_POZ,4,FisherM1ONLY,DL_S_new_contraction,True,1.0,0.5,0.5
Skp1_int_Skp1_POZ,4,FisherM1ONLY,DL_S_new_sparsity,False,0.66742944317315023,0.53256238587948879,0.54290053151100992
Skp1_int_Skp1_POZ,4,FisherM1ONLY,DL_S_new_sparsity,True,0.64372469635627527,0.49687500000000001,0.4959514170040486
Skp1_int_Skp1_POZ,4,FisherM1ONLY,l1_reg,False,1.0,0.49772209567198183,0.49772209567198178
Skp1_int_Skp1_POZ,4,FisherM1ONLY,l1_reg,True,1.0,0.5,0.5
Skp1_int_Skp1_POZ,4,FisherM1ONLY,DL_S_new_Drop_out,False,0.0,0.0,0.50227790432801822
Skp1_int_Skp1_POZ,4,FisherM1ONLY,DL_S_new_Drop_out,True,0.0,0.0,0.5
Skp1_int_Skp1_POZ,5,FisherM1ONLY,SVM,True,0.55284552845528456,0.55284552845528456,0.55284552845528456
Skp1_int_Skp1_POZ,5,FisherM1ONLY,SVM,False,0.56466302367941712,0.55855855855855852,0.55919854280510017
Skp1_int_Skp1_POZ,5,FisherM1ONLY,SVM_RBF,True,0.58130081300813008,0.55426356589147285,0.55691056910569103
Skp1_int_Skp1_POZ,5,FisherM1ONLY,SVM_RBF,False,0.57969034608378867,0.5534782608695652,0.55601092896174864
Skp1_int_Skp1_POZ,5,FisherM1ONLY,DL_xy,False,0.51800766283524902,0.68490374873353599,0.64326375711574957
Skp1_int_Skp1_POZ,5,FisherM1ONLY,DL_xy,True,0.5,0.64736842105263159,0.61382113821138207
Skp1_int_Skp1_POZ,5,FisherM1ONLY,Sda_xy_with_first,False,0.51954022988505744,0.71143756558237148,0.65768500948766606
Skp1_int_Skp1_POZ,5,FisherM1ONLY,Sda_xy_with_first,True,0.5,0.65775401069518713,0.61991869918699183
Skp1_int_Skp1_POZ,5,FisherM1ONLY,Sda_new,False,0.63295019157088117,0.71206896551724141,0.69146110056925991
Skp1_int_Skp1_POZ,5,FisherM1ONLY,Sda_new,True,0.64227642276422769,0.69298245614035092,0.67886178861788615
Skp1_int_Skp1_POZ,5,FisherM1ONLY,SAE_SVM,True,0.72764227642276424,0.70196078431372544,0.70934959349593496
Skp1_int_Skp1_POZ,5,FisherM1ONLY,SAE_SVM,False,0.73360655737704916,0.67974683544303793,0.69398907103825136
Skp1_int_Skp1_POZ,5,FisherM1ONLY,DL,False,0.77854406130268194,0.52724442138038397,0.54459203036053128
Skp1_int_Skp1_POZ,5,FisherM1ONLY,DL,True,0.77235772357723576,0.52054794520547942,0.53048780487804881
Skp1_int_Skp1_POZ,5,FisherM1ONLY,DL_S,False,0.86973180076628354,0.50332594235033257,0.5104364326375711
Skp1_int_Skp1_POZ,5,FisherM1ONLY,DL_S,True,0.8902439024390244,0.5140845070422535,0.52439024390243905
Skp1_int_Skp1_POZ,5,FisherM1ONLY,DL_S_new,False,0.43754789272030653,0.54380952380952385,0.53965844402277041
Skp1_int_Skp1_POZ,5,FisherM1ONLY,DL_S_new,True,0.45121951219512196,0.55778894472361806,0.5467479674796748
Skp1_int_Skp1_POZ,5,FisherM1ONLY,DL_S_new_contraction,False,0.0,0.0,0.50474383301707781
Skp1_int_Skp1_POZ,5,FisherM1ONLY,DL_S_new_contraction,True,0.0,0.0,0.5
Skp1_int_Skp1_POZ,5,FisherM1ONLY,DL_S_new_sparsity,False,0.4835249042145594,0.56389633601429845,0.55901328273244777
Skp1_int_Skp1_POZ,5,FisherM1ONLY,DL_S_new_sparsity,True,0.491869918699187,0.568075117370892,0.55894308943089432
Skp1_int_Skp1_POZ,5,FisherM1ONLY,l1_reg,False,0.0,0.0,0.50474383301707781
Skp1_int_Skp1_POZ,5,FisherM1ONLY,l1_reg,True,0.0,0.0,0.5
Skp1_int_Skp1_POZ,5,FisherM1ONLY,DL_S_new_Drop_out,False,0.0,0.0,0.50474383301707781
Skp1_int_Skp1_POZ,5,FisherM1ONLY,DL_S_new_Drop_out,True,0.0,0.0,0.5
Skp1_int_Skp1_POZ,6,FisherM1ONLY,SVM,True,0.58490566037735847,0.54006968641114983,0.54339622641509433
Skp1_int_Skp1_POZ,6,FisherM1ONLY,SVM,False,0.59026182820395035,0.57238307349665929,0.57464400551217276
Skp1_int_Skp1_POZ,6,FisherM1ONLY,SVM_RBF,True,0.50943396226415094,0.53784860557768921,0.53584905660377358
Skp1_int_Skp1_POZ,6,FisherM1ONLY,SVM_RBF,False,0.54754248966467611,0.56199905704856201,0.56040422599908135
Skp1_int_Skp1_POZ,6,FisherM1ONLY,DL_xy,False,0.76054216867469882,0.65414507772020725,0.6738131699846861
Skp1_int_Skp1_POZ,6,FisherM1ONLY,DL_xy,True,0.71320754716981127,0.59810126582278478,0.61698113207547167
Skp1_int_Skp1_POZ,6,FisherM1ONLY,Sda_xy_with_first,False,0.78990963855421692,0.69470198675496686,0.71669218989280248
Skp1_int_Skp1_POZ,6,FisherM1ONLY,Sda_xy_with_first,True,0.73962264150943391,0.63225806451612898,0.65471698113207544
Skp1_int_Skp1_POZ,6,FisherM1ONLY,Sda_new,False,0.85015060240963858,0.74276315789473679,0.7741194486983155
Skp1_int_Skp1_POZ,6,FisherM1ONLY,Sda_new,True,0.79245283018867929,0.7023411371237458,0.72830188679245278
Skp1_int_Skp1_POZ,6,FisherM1ONLY,SAE_SVM,True,0.70188679245283014,0.63265306122448983,0.64716981132075468
Skp1_int_Skp1_POZ,6,FisherM1ONLY,SAE_SVM,False,0.73357831878732205,0.69404606692742288,0.70509875976113923
Skp1_int_Skp1_POZ,6,FisherM1ONLY,DL,False,0.87048192771084343,0.53592953175707003,0.55091883614088821
Skp1_int_Skp1_POZ,6,FisherM1ONLY,DL,True,0.83773584905660381,0.51990632318501173,0.5320754716981132
Skp1_int_Skp1_POZ,6,FisherM1ONLY,DL_S,False,0.46837349397590361,0.56442831215970957,0.54594180704441042
Skp1_int_Skp1_POZ,6,FisherM1ONLY,DL_S,True,0.46415094339622642,0.56682027649769584,0.55471698113207546
Skp1_int_Skp1_POZ,6,FisherM1ONLY,DL_S_new,False,0.64006024096385539,0.56366047745358094,0.56508422664624813
Skp1_int_Skp1_POZ,6,FisherM1ONLY,DL_S_new,True,0.63018867924528299,0.5335463258785943,0.53962264150943395
Skp1_int_Skp1_POZ,6,FisherM1ONLY,DL_S_new_contraction,False,1.0,0.50842266462480856,0.50842266462480856
Skp1_int_Skp1_POZ,6,FisherM1ONLY,DL_S_new_contraction,True,1.0,0.5,0.5
Skp1_int_Skp1_POZ,6,FisherM1ONLY,DL_S_new_sparsity,False,0.6506024096385542,0.55705996131528046,0.55934150076569678
Skp1_int_Skp1_POZ,6,FisherM1ONLY,DL_S_new_sparsity,True,0.61132075471698111,0.51923076923076927,0.52264150943396226
Skp1_int_Skp1_POZ,6,FisherM1ONLY,l1_reg,False,1.0,0.50842266462480856,0.50842266462480856
Skp1_int_Skp1_POZ,6,FisherM1ONLY,l1_reg,True,1.0,0.5,0.5
Skp1_int_Skp1_POZ,6,FisherM1ONLY,DL_S_new_Drop_out,False,1.0,0.50842266462480856,0.50842266462480856
Skp1_int_Skp1_POZ,6,FisherM1ONLY,DL_S_new_Drop_out,True,1.0,0.5,0.5
Skp1_int_Skp1_POZ,7,FisherM1ONLY,SVM,True,0.58245614035087723,0.57044673539518898,0.57192982456140351
Skp1_int_Skp1_POZ,7,FisherM1ONLY,SVM,False,0.55632823365785811,0.56577086280056577,0.56467315716272604
Skp1_int_Skp1_POZ,7,FisherM1ONLY,SVM_RBF,True,0.47368421052631576,0.57692307692307687,0.56315789473684208
Skp1_int_Skp1_POZ,7,FisherM1ONLY,SVM_RBF,False,0.52387575336114978,0.55419323197645909,0.55122855818266114
Skp1_int_Skp1_POZ,7,FisherM1ONLY,DL_xy,False,0.84674922600619196,0.78535534816941854,0.80795981452859356
Skp1_int_Skp1_POZ,7,FisherM1ONLY,DL_xy,True,0.75789473684210529,0.70129870129870131,0.71754385964912282
Skp1_int_Skp1_POZ,7,FisherM1ONLY,Sda_xy_with_first,False,0.85139318885448911,0.79537237888647871,0.81646058732612059
Skp1_int_Skp1_POZ,7,FisherM1ONLY,Sda_xy_with_first,True,0.75087719298245614,0.71333333333333337,0.72456140350877196
Skp1_int_Skp1_POZ,7,FisherM1ONLY,Sda_new,False,0.85603715170278638,0.78162544169611303,0.8087326120556414
Skp1_int_Skp1_POZ,7,FisherM1ONLY,Sda_new,True,0.76140350877192986,0.7185430463576159,0.73157894736842111
Skp1_int_Skp1_POZ,7,FisherM1ONLY,SAE_SVM,True,0.82456140350877194,0.685131195335277,0.72280701754385968
Skp1_int_Skp1_POZ,7,FisherM1ONLY,SAE_SVM,False,0.86416318961520633,0.70659590598938593,0.7526657394529439
Skp1_int_Skp1_POZ,7,FisherM1ONLY,DL,False,0.8846749226006192,0.52600092038656232,0.54443585780525505
Skp1_int_Skp1_POZ,7,FisherM1ONLY,DL,True,0.86315789473684212,0.50306748466257667,0.50526315789473686
Skp1_int_Skp1_POZ,7,FisherM1ONLY,DL_S,False,0.51393188854489169,0.52614896988906501,0.52627511591962906
Skp1_int_Skp1_POZ,7,FisherM1ONLY,DL_S,True,0.43859649122807015,0.56561085972850678,0.55087719298245619
Skp1_int_Skp1_POZ,7,FisherM1ONLY,DL_S_new,False,0.42801857585139319,0.57784743991640541,0.55834621329211742
Skp1_int_Skp1_POZ,7,FisherM1ONLY,DL_S_new,True,0.38947368421052631,0.56632653061224492,0.54561403508771933
Skp1_int_Skp1_POZ,7,FisherM1ONLY,DL_S_new_contraction,False,0.0,0.0,0.50077279752704795
Skp1_int_Skp1_POZ,7,FisherM1ONLY,DL_S_new_contraction,True,0.0,0.0,0.5
Skp1_int_Skp1_POZ,7,FisherM1ONLY,DL_S_new_sparsity,False,0.44504643962848295,0.60782241014799154,0.57959814528593512
Skp1_int_Skp1_POZ,7,FisherM1ONLY,DL_S_new_sparsity,True,0.38596491228070173,0.5759162303664922,0.55087719298245619
Skp1_int_Skp1_POZ,7,FisherM1ONLY,l1_reg,False,0.0,0.0,0.50077279752704795
Skp1_int_Skp1_POZ,7,FisherM1ONLY,l1_reg,True,0.0,0.0,0.5
Skp1_int_Skp1_POZ,7,FisherM1ONLY,DL_S_new_Drop_out,False,0.0,0.0,0.50077279752704795
Skp1_int_Skp1_POZ,7,FisherM1ONLY,DL_S_new_Drop_out,True,0.0,0.0,0.5
Skp1_int_Skp1_POZ,8,FisherM1ONLY,SVM,True,0.58297872340425527,0.52490421455938696,0.52765957446808509
Skp1_int_Skp1_POZ,8,FisherM1ONLY,SVM,False,0.54599003171726324,0.54574275362318836,0.54576347983688267
Skp1_int_Skp1_POZ,8,FisherM1ONLY,SVM_RBF,True,0.5787234042553191,0.53125,0.53404255319148941
Skp1_int_Skp1_POZ,8,FisherM1ONLY,SVM_RBF,False,0.57997281377435428,0.55603822762814947,0.55845038513819667
Skp1_int_Skp1_POZ,8,FisherM1ONLY,DL_xy,False,0.57383320581484321,0.63451776649746194,0.62651057401812693
Skp1_int_Skp1_POZ,8,FisherM1ONLY,DL_xy,True,0.57446808510638303,0.57692307692307687,0.57659574468085106
Skp1_int_Skp1_POZ,8,FisherM1ONLY,Sda_xy_with_first,False,0.62356541698546286,0.63721657544957,0.63897280966767367
Skp1_int_Skp1_POZ,8,FisherM1ONLY,Sda_xy_with_first,True,0.63404255319148939,0.59362549800796816,0.59999999999999998
Skp1_int_Skp1_POZ,8,FisherM1ONLY,Sda_new,False,0.72762050497322117,0.62730870712401055,0.65219033232628398
Skp1_int_Skp1_POZ,8,FisherM1ONLY,Sda_new,True,0.74042553191489358,0.5898305084745763,0.61276595744680851
Skp1_int_Skp1_POZ,8,FisherM1ONLY,SAE_SVM,True,0.75744680851063828,0.66417910447761197,0.68723404255319154
Skp1_int_Skp1_POZ,8,FisherM1ONLY,SAE_SVM,False,0.74535568645219752,0.69497253907900292,0.70910738559130038
Skp1_int_Skp1_POZ,8,FisherM1ONLY,DL,False,0.8859984697781178,0.52350813743218805,0.54569486404833834
Skp1_int_Skp1_POZ,8,FisherM1ONLY,DL,True,0.87234042553191493,0.51122194513715713,0.51914893617021274
Skp1_int_Skp1_POZ,8,FisherM1ONLY,DL_S,False,0.50726855394032133,0.54166666666666663,0.54493957703927487
Skp1_int_Skp1_POZ,8,FisherM1ONLY,DL_S,True,0.5446808510638298,0.52892561983471076,0.52978723404255323
Skp1_int_Skp1_POZ,8,FisherM1ONLY,DL_S_new,False,0.61438408569242542,0.54220121539500332,0.5536253776435045
Skp1_int_Skp1_POZ,8,FisherM1ONLY,DL_S_new,True,0.62553191489361704,0.51398601398601396,0.51702127659574471
Skp1_int_Skp1_POZ,8,FisherM1ONLY,DL_S_new_contraction,False,1.0,0.49358006042296071,0.49358006042296071
Skp1_int_Skp1_POZ,8,FisherM1ONLY,DL_S_new_contraction,True,1.0,0.5,0.5
Skp1_int_Skp1_POZ,8,FisherM1ONLY,DL_S_new_sparsity,False,0.6189747513389442,0.53825681969394545,0.54984894259818728
Skp1_int_Skp1_POZ,8,FisherM1ONLY,DL_S_new_sparsity,True,0.63404255319148939,0.50853242320819114,0.51063829787234039
Skp1_int_Skp1_POZ,8,FisherM1ONLY,l1_reg,False,1.0,0.49358006042296071,0.49358006042296071
Skp1_int_Skp1_POZ,8,FisherM1ONLY,l1_reg,True,1.0,0.5,0.5
Skp1_int_Skp1_POZ,8,FisherM1ONLY,DL_S_new_Drop_out,False,1.0,0.49358006042296071,0.49358006042296071
Skp1_int_Skp1_POZ,8,FisherM1ONLY,DL_S_new_Drop_out,True,1.0,0.5,0.5
Skp1_int_Skp1_POZ,9,FisherM1ONLY,SVM,True,0.52238805970149249,0.54973821989528793,0.54726368159203975
Skp1_int_Skp1_POZ,9,FisherM1ONLY,SVM,False,0.51450245426149044,0.54207804419370009,0.53993752788933513
Skp1_int_Skp1_POZ,9,FisherM1ONLY,SVM_RBF,True,0.58706467661691542,0.5539906103286385,0.55721393034825872
Skp1_int_Skp1_POZ,9,FisherM1ONLY,SVM_RBF,False,0.57920571173583224,0.5535181236673774,0.55600178491744756
Skp1_int_Skp1_POZ,9,FisherM1ONLY,DL_xy,False,0.64813404417364817,0.63365599404318684,0.64522127184827072
Skp1_int_Skp1_POZ,9,FisherM1ONLY,DL_xy,True,0.6616915422885572,0.6717171717171716,0.6691542288557214
Skp1_int_Skp1_POZ,9,FisherM1ONLY,Sda_xy_with_first,False,0.67631378522467633,0.65390279823269515,0.66716251394570469
Skp1_int_Skp1_POZ,9,FisherM1ONLY,Sda_xy_with_first,True,0.68656716417910446,0.69346733668341698,0.69154228855721389
Skp1_int_Skp1_POZ,9,FisherM1ONLY,Sda_new,False,0.70525514089870522,0.66618705035971226,0.68352547415396059
Skp1_int_Skp1_POZ,9,FisherM1ONLY,Sda_new,True,0.70646766169154229,0.7208121827411168,0.71641791044776115
Skp1_int_Skp1_POZ,9,FisherM1ONLY,SAE_SVM,True,0.78606965174129351,0.70222222222222208,0.72636815920398012
Skp1_int_Skp1_POZ,9,FisherM1ONLY,SAE_SVM,False,0.77510040160642568,0.69120573020294473,0.71441320838911204
Skp1_int_Skp1_POZ,9,FisherM1ONLY,DL,False,0.83320639756283321,0.52697495183044318,0.55336556340647081
Skp1_int_Skp1_POZ,9,FisherM1ONLY,DL,True,0.8308457711442786,0.54220779220779225,0.56467661691542292
Skp1_int_Skp1_POZ,9,FisherM1ONLY,DL_S,False,0.12490479817212491,0.53947368421052633,0.52063964298995913
Skp1_int_Skp1_POZ,9,FisherM1ONLY,DL_S,True,0.14925373134328357,0.55555555555555558,0.5149253731343284
Skp1_int_Skp1_POZ,9,FisherM1ONLY,DL_S_new,False,0.48286367098248284,0.53054393305439329,0.53886203049460768
Skp1_int_Skp1_POZ,9,FisherM1ONLY,DL_S_new,True,0.51741293532338306,0.55614973262032086,0.55223880597014929
Skp1_int_Skp1_POZ,9,FisherM1ONLY,DL_S_new_contraction,False,0.0,0.0,0.51171439196727408
Skp1_int_Skp1_POZ,9,FisherM1ONLY,DL_S_new_contraction,True,0.0,0.0,0.5
Skp1_int_Skp1_POZ,9,FisherM1ONLY,DL_S_new_sparsity,False,0.51485148514851486,0.53438735177865615,0.5440684269245073
Skp1_int_Skp1_POZ,9,FisherM1ONLY,DL_S_new_sparsity,True,0.53731343283582089,0.55670103092783507,0.55472636815920395
Skp1_int_Skp1_POZ,9,FisherM1ONLY,l1_reg,False,0.0,0.0,0.51171439196727408
Skp1_int_Skp1_POZ,9,FisherM1ONLY,l1_reg,True,0.0,0.0,0.5
Skp1_int_Skp1_POZ,9,FisherM1ONLY,DL_S_new_Drop_out,False,0.0,0.0,0.51171439196727408
Skp1_int_Skp1_POZ,9,FisherM1ONLY,DL_S_new_Drop_out,True,0.0,0.0,0.5
Skp1_int_Skp1_POZ,10,FisherM1ONLY,SVM,True,0.51851851851851849,0.51376146788990829,0.51388888888888884
Skp1_int_Skp1_POZ,10,FisherM1ONLY,SVM,False,0.53054806828391732,0.5470125057897175,0.54559748427672961
Skp1_int_Skp1_POZ,10,FisherM1ONLY,SVM_RBF,True,0.6342592592592593,0.52692307692307694,0.53240740740740744
Skp1_int_Skp1_POZ,10,FisherM1ONLY,SVM_RBF,False,0.61994609164420489,0.55802668823291546,0.56446540880503149
Skp1_int_Skp1_POZ,10,FisherM1ONLY,DL_xy,False,0.71052631578947367,0.69428571428571428,0.69150131037064766
Skp1_int_Skp1_POZ,10,FisherM1ONLY,DL_xy,True,0.66666666666666663,0.64573991031390132,0.65046296296296291
Skp1_int_Skp1_POZ,10,FisherM1ONLY,Sda_xy_with_first,False,0.85160818713450293,0.68248388986526065,0.72107824784724828
Skp1_int_Skp1_POZ,10,FisherM1ONLY,Sda_xy_with_first,True,0.81944444444444442,0.64835164835164838,0.6875
Skp1_int_Skp1_POZ,10,FisherM1ONLY,Sda_new,False,0.83187134502923976,0.69179331306990877,0.72407338075627103
Skp1_int_Skp1_POZ,10,FisherM1ONLY,Sda_new,True,0.84722222222222221,0.65591397849462352,0.70138888888888884
Skp1_int_Skp1_POZ,10,FisherM1ONLY,SAE_SVM,True,0.71759259259259256,0.65957446808510634,0.67361111111111116
Skp1_int_Skp1_POZ,10,FisherM1ONLY,SAE_SVM,False,0.72461814914645106,0.69197769197769199,0.70103324348607365
Skp1_int_Skp1_POZ,10,FisherM1ONLY,DL,False,0.95833333333333337,0.52398081534772178,0.5327592661924373
Skp1_int_Skp1_POZ,10,FisherM1ONLY,DL,True,0.96759259259259256,0.51225490196078427,0.52314814814814814
Skp1_int_Skp1_POZ,10,FisherM1ONLY,DL_S,False,0.98099415204678364,0.5104602510460251,0.50842381130662673
Skp1_int_Skp1_POZ,10,FisherM1ONLY,DL_S,True,0.98148148148148151,0.50118203309692666,0.50231481481481477
Skp1_int_Skp1_POZ,10,FisherM1ONLY,DL_S_new,False,0.65204678362573099,0.55889724310776945,0.5582178959191314
Skp1_int_Skp1_POZ,10,FisherM1ONLY,DL_S_new,True,0.64814814814814814,0.53639846743295017,0.54398148148148151
Skp1_int_Skp1_POZ,10,FisherM1ONLY,DL_S_new_contraction,False,1.0,0.51216772744290529,0.51216772744290529
Skp1_int_Skp1_POZ,10,FisherM1ONLY,DL_S_new_contraction,True,1.0,0.5,0.5
Skp1_int_Skp1_POZ,10,FisherM1ONLY,DL_S_new_sparsity,False,0.65204678362573099,0.55129789864029666,0.5499812804193186
Skp1_int_Skp1_POZ,10,FisherM1ONLY,DL_S_new_sparsity,True,0.65277777777777779,0.52611940298507465,0.53240740740740744
Skp1_int_Skp1_POZ,10,FisherM1ONLY,l1_reg,False,1.0,0.51216772744290529,0.51216772744290529
Skp1_int_Skp1_POZ,10,FisherM1ONLY,l1_reg,True,1.0,0.5,0.5
Skp1_int_Skp1_POZ,10,FisherM1ONLY,DL_S_new_Drop_out,False,1.0,0.51216772744290529,0.51216772744290529
Skp1_int_Skp1_POZ,10,FisherM1ONLY,DL_S_new_Drop_out,True,1.0,0.5,0.5
Lyase_8_int_Lyase_8_N,1,FisherM1ONLY,SVM,True,0.64859437751004012,0.51762820512820518,0.52208835341365467
Lyase_8_int_Lyase_8_N,1,FisherM1ONLY,SVM,False,0.68901098901098901,0.5285563751317176,0.5372252747252747
Lyase_8_int_Lyase_8_N,1,FisherM1ONLY,SVM_RBF,True,0.61646586345381527,0.53484320557491294,0.54016064257028118
Lyase_8_int_Lyase_8_N,1,FisherM1ONLY,SVM_RBF,False,0.66236263736263734,0.53804954251283199,0.54684065934065929
Lyase_8_int_Lyase_8_N,1,FisherM1ONLY,DL_xy,False,0.80155820348304307,0.76609724047306171,0.77861721611721613
Lyase_8_int_Lyase_8_N,1,FisherM1ONLY,DL_xy,True,0.63253012048192769,0.67164179104477617,0.66164658634538154
Lyase_8_int_Lyase_8_N,1,FisherM1ONLY,Sda_xy_with_first,False,0.79789184234647115,0.76393154892496706,0.77586996336996339
Lyase_8_int_Lyase_8_N,1,FisherM1ONLY,Sda_xy_with_first,True,0.62851405622489964,0.66737739872068236,0.65763052208835338
Lyase_8_int_Lyase_8_N,1,FisherM1ONLY,Sda_new,False,0.82630614115490375,0.75724485510289796,0.78090659340659341
Lyase_8_int_Lyase_8_N,1,FisherM1ONLY,Sda_new,True,0.70682730923694781,0.66540642722117205,0.67570281124497988
Lyase_8_int_Lyase_8_N,1,FisherM1ONLY,SAE_SVM,True,0.57429718875502012,0.57314629258517036,0.57329317269076308
Lyase_8_int_Lyase_8_N,1,FisherM1ONLY,SAE_SVM,False,0.55769230769230771,0.60237388724035612,0.59478021978021978
Lyase_8_int_Lyase_8_N,1,FisherM1ONLY,DL,False,0.50687442713107245,0.59751485683414374,0.58310439560439564
Lyase_8_int_Lyase_8_N,1,FisherM1ONLY,DL,True,0.52409638554216864,0.54488517745302711,0.54317269076305219
Lyase_8_int_Lyase_8_N,1,FisherM1ONLY,DL_S,False,0.0068744271310724105,0.9375,0.50366300366300365
Lyase_8_int_Lyase_8_N,1,FisherM1ONLY,DL_S,True,0.0,0.0,0.49899598393574296
Lyase_8_int_Lyase_8_N,1,FisherM1ONLY,DL_S_new,False,0.47112740604949588,0.60936573799644334,0.58493589743589747
Lyase_8_int_Lyase_8_N,1,FisherM1ONLY,DL_S_new,True,0.43172690763052207,0.56282722513089001,0.54819277108433739
Lyase_8_int_Lyase_8_N,1,FisherM1ONLY,DL_S_new_contraction,False,0.0,0.0,0.50045787545787546
Lyase_8_int_Lyase_8_N,1,FisherM1ONLY,DL_S_new_contraction,True,0.0,0.0,0.5
Lyase_8_int_Lyase_8_N,1,FisherM1ONLY,DL_S_new_sparsity,False,0.60678276810265808,0.65642042637580567,0.64491758241758246
Lyase_8_int_Lyase_8_N,1,FisherM1ONLY,DL_S_new_sparsity,True,0.57831325301204817,0.62203023758099352,0.61345381526104414
Lyase_8_int_Lyase_8_N,1,FisherM1ONLY,l1_reg,False,0.0,0.0,0.50045787545787546
Lyase_8_int_Lyase_8_N,1,FisherM1ONLY,l1_reg,True,0.0,0.0,0.5
Lyase_8_int_Lyase_8_N,1,FisherM1ONLY,DL_S_new_Drop_out,False,0.0,0.0,0.50045787545787546
Lyase_8_int_Lyase_8_N,1,FisherM1ONLY,DL_S_new_Drop_out,True,0.0,0.0,0.5
Lyase_8_int_Lyase_8_N,2,FisherM1ONLY,SVM,True,0.5691964285714286,0.51829268292682928,0.5200892857142857
Lyase_8_int_Lyase_8_N,2,FisherM1ONLY,SVM,False,0.55257452574525745,0.51064362634610572,0.5115176151761518
Lyase_8_int_Lyase_8_N,2,FisherM1ONLY,SVM_RBF,True,0.6049107142857143,0.53769841269841268,0.5424107142857143
Lyase_8_int_Lyase_8_N,2,FisherM1ONLY,SVM_RBF,False,0.60894308943089426,0.55399408284023666,0.55934959349593494
Lyase_8_int_Lyase_8_N,2,FisherM1ONLY,DL_xy,False,0.83960126869053009,0.71269230769230774,0.75135501355013545
Lyase_8_int_Lyase_8_N,2,FisherM1ONLY,DL_xy,True,0.8214285714285714,0.69172932330827064,0.7276785714285714
Lyase_8_int_Lyase_8_N,2,FisherM1ONLY,Sda_xy_with_first,False,0.83688264612596286,0.71038461538461539,0.74864498644986455
Lyase_8_int_Lyase_8_N,2,FisherM1ONLY,Sda_xy_with_first,True,0.8080357142857143,0.68045112781954897,0.7142857142857143
Lyase_8_int_Lyase_8_N,2,FisherM1ONLY,Sda_new,False,0.84821024014499324,0.71696667943316739,0.75745257452574521
Lyase_8_int_Lyase_8_N,2,FisherM1ONLY,Sda_new,True,0.8325892857142857,0.69589552238805974,0.734375
Lyase_8_int_Lyase_8_N,2,FisherM1ONLY,SAE_SVM,True,0.6004464285714286,0.6127562642369021,0.6104910714285714
Lyase_8_int_Lyase_8_N,2,FisherM1ONLY,SAE_SVM,False,0.60704607046070458,0.59212265397832409,0.59444444444444444
Lyase_8_int_Lyase_8_N,2,FisherM1ONLY,DL,False,0.93022202084277295,0.53771608171817709,0.56662149954832886
Lyase_8_int_Lyase_8_N,2,FisherM1ONLY,DL,True,0.9352678571428571,0.53037974683544309,0.5535714285714286
Lyase_8_int_Lyase_8_N,2,FisherM1ONLY,DL_S,False,0.0,0.0,0.50158084914182477
Lyase_8_int_Lyase_8_N,2,FisherM1ONLY,DL_S,True,0.0,0.0,0.5
Lyase_8_int_Lyase_8_N,2,FisherM1ONLY,DL_S_new,False,0.59990937924784771,0.60401459854014594,0.60456187895212288
Lyase_8_int_Lyase_8_N,2,FisherM1ONLY,DL_S_new,True,0.5848214285714286,0.55744680851063833,0.5602678571428571
Lyase_8_int_Lyase_8_N,2,FisherM1ONLY,DL_S_new_contraction,False,0.0,0.0,0.50158084914182477
Lyase_8_int_Lyase_8_N,2,FisherM1ONLY,DL_S_new_contraction,True,0.0,0.0,0.5
Lyase_8_int_Lyase_8_N,2,FisherM1ONLY,DL_S_new_sparsity,False,0.62075215224286362,0.60592658115877929,0.6097560975609756
Lyase_8_int_Lyase_8_N,2,FisherM1ONLY,DL_S_new_sparsity,True,0.625,0.55776892430278879,0.5647321428571429
Lyase_8_int_Lyase_8_N,2,FisherM1ONLY,l1_reg,False,0.0,0.0,0.50158084914182477
Lyase_8_int_Lyase_8_N,2,FisherM1ONLY,l1_reg,True,0.0,0.0,0.5
Lyase_8_int_Lyase_8_N,2,FisherM1ONLY,DL_S_new_Drop_out,False,0.0,0.0,0.50158084914182477
Lyase_8_int_Lyase_8_N,2,FisherM1ONLY,DL_S_new_Drop_out,True,0.0,0.0,0.5
Lyase_8_int_Lyase_8_N,3,FisherM1ONLY,SVM,True,0.49078341013824883,0.53383458646616544,0.53110599078341014
Lyase_8_int_Lyase_8_N,3,FisherM1ONLY,SVM,False,0.48191144708423328,0.53093396787626412,0.52807775377969768
Lyase_8_int_Lyase_8_N,3,FisherM1ONLY,SVM_RBF,True,0.68894009216589858,0.54166666666666663,0.55299539170506917
Lyase_8_int_Lyase_8_N,3,FisherM1ONLY,SVM_RBF,False,0.67602591792656586,0.53977150247898253,0.54981101511879049
Lyase_8_int_Lyase_8_N,3,FisherM1ONLY,DL_xy,False,0.80320569902048089,0.73333333333333328,0.75292529252925289
Lyase_8_int_Lyase_8_N,3,FisherM1ONLY,DL_xy,True,0.78110599078341014,0.68072289156626509,0.70737327188940091
Lyase_8_int_Lyase_8_N,3,FisherM1ONLY,Sda_xy_with_first,False,0.79652715939447905,0.74109362054681027,0.7565256525652565
Lyase_8_int_Lyase_8_N,3,FisherM1ONLY,Sda_xy_with_first,True,0.75806451612903225,0.69999999999999984,0.71658986175115202
Lyase_8_int_Lyase_8_N,3,FisherM1ONLY,Sda_new,False,0.81789848619768479,0.75379565038982355,0.77295229522952291
Lyase_8_int_Lyase_8_N,3,FisherM1ONLY,Sda_new,True,0.7857142857142857,0.6875,0.7142857142857143
Lyase_8_int_Lyase_8_N,3,FisherM1ONLY,SAE_SVM,True,0.58986175115207373,0.59259259259259256,0.59216589861751157
Lyase_8_int_Lyase_8_N,3,FisherM1ONLY,SAE_SVM,False,0.59449244060475159,0.59674796747967485,0.59638228941684668
Lyase_8_int_Lyase_8_N,3,FisherM1ONLY,DL,False,0.9403383793410508,0.53252647503782147,0.55265526552655264
Lyase_8_int_Lyase_8_N,3,FisherM1ONLY,DL,True,0.93778801843317972,0.52925877763328999,0.5518433179723502
Lyase_8_int_Lyase_8_N,3,FisherM1ONLY,DL_S,False,0.018699910952804988,0.79245283018867929,0.50157515751575155
Lyase_8_int_Lyase_8_N,3,FisherM1ONLY,DL_S,True,0.027649769585253458,0.70588235294117652,0.50806451612903225
Lyase_8_int_Lyase_8_N,3,FisherM1ONLY,DL_S_new,False,0.60819234194122884,0.5746739587715608,0.57448244824482453
Lyase_8_int_Lyase_8_N,3,FisherM1ONLY,DL_S_new,True,0.60368663594470051,0.57964601769911506,0.58294930875576034
Lyase_8_int_Lyase_8_N,3,FisherM1ONLY,DL_S_new_contraction,False,0.0,0.0,0.49459945994599458
Lyase_8_int_Lyase_8_N,3,FisherM1ONLY,DL_S_new_contraction,True,0.0,0.0,0.5
Lyase_8_int_Lyase_8_N,3,FisherM1ONLY,DL_S_new_sparsity,False,0.64381121994657164,0.59310910582444631,0.59675967596759671
Lyase_8_int_Lyase_8_N,3,FisherM1ONLY,DL_S_new_sparsity,True,0.65437788018433185,0.58436213991769548,0.59447004608294929
Lyase_8_int_Lyase_8_N,3,FisherM1ONLY,l1_reg,False,0.0,0.0,0.49459945994599458
Lyase_8_int_Lyase_8_N,3,FisherM1ONLY,l1_reg,True,0.0,0.0,0.5
Lyase_8_int_Lyase_8_N,3,FisherM1ONLY,DL_S_new_Drop_out,False,0.0,0.0,0.49459945994599458
Lyase_8_int_Lyase_8_N,3,FisherM1ONLY,DL_S_new_Drop_out,True,0.0,0.0,0.5
Lyase_8_int_Lyase_8_N,4,FisherM1ONLY,SVM,True,0.47572815533980584,0.48756218905472631,0.48786407766990292
Lyase_8_int_Lyase_8_N,4,FisherM1ONLY,SVM,False,0.48362855609232419,0.52597781669585519,0.52388620504562533
Lyase_8_int_Lyase_8_N,4,FisherM1ONLY,SVM_RBF,True,0.63592233009708743,0.53688524590163933,0.5436893203883495
Lyase_8_int_Lyase_8_N,4,FisherM1ONLY,SVM_RBF,False,0.67418142780461621,0.5412626589097177,0.55139559849704778
Lyase_8_int_Lyase_8_N,4,FisherM1ONLY,DL_xy,False,0.85985853227232534,0.72224285183809878,0.7617982554238425
Lyase_8_int_Lyase_8_N,4,FisherM1ONLY,DL_xy,True,0.81310679611650483,0.63809523809523805,0.67597087378640774
Lyase_8_int_Lyase_8_N,4,FisherM1ONLY,Sda_xy_with_first,False,0.86206896551724133,0.73501696192989074,0.77298143592037571
Lyase_8_int_Lyase_8_N,4,FisherM1ONLY,Sda_xy_with_first,True,0.82038834951456308,0.64627151051625253,0.68567961165048541
Lyase_8_int_Lyase_8_N,4,FisherM1ONLY,Sda_new,False,0.84173297966401417,0.76898222940226169,0.79199284276448223
Lyase_8_int_Lyase_8_N,4,FisherM1ONLY,Sda_new,True,0.79611650485436891,0.67213114754098358,0.70388349514563109
Lyase_8_int_Lyase_8_N,4,FisherM1ONLY,SAE_SVM,True,0.59708737864077666,0.55909090909090908,0.56310679611650483
Lyase_8_int_Lyase_8_N,4,FisherM1ONLY,SAE_SVM,False,0.60493827160493829,0.60283498261567259,0.60319377348362857
Lyase_8_int_Lyase_8_N,4,FisherM1ONLY,DL,False,0.76215738284703805,0.56284688214169121,0.58018340416014313
Lyase_8_int_Lyase_8_N,4,FisherM1ONLY,DL,True,0.68932038834951459,0.52398523985239853,0.53155339805825241
Lyase_8_int_Lyase_8_N,4,FisherM1ONLY,DL_S,False,0.0,0.0,0.49407291433683742
Lyase_8_int_Lyase_8_N,4,FisherM1ONLY,DL_S,True,0.0,0.0,0.5
Lyase_8_int_Lyase_8_N,4,FisherM1ONLY,DL_S_new,False,0.6702033598585323,0.61252525252525247,0.61865354506821735
Lyase_8_int_Lyase_8_N,4,FisherM1ONLY,DL_S_new,True,0.64563106796116509,0.58333333333333337,0.59223300970873782
Lyase_8_int_Lyase_8_N,4,FisherM1ONLY,DL_S_new_contraction,False,1.0,0.50592708566316258,0.50592708566316258
Lyase_8_int_Lyase_8_N,4,FisherM1ONLY,DL_S_new_contraction,True,1.0,0.5,0.5
Lyase_8_int_Lyase_8_N,4,FisherM1ONLY,DL_S_new_sparsity,False,0.71883289124668437,0.64832535885167464,0.66047864012525159
Lyase_8_int_Lyase_8_N,4,FisherM1ONLY,DL_S_new_sparsity,True,0.67233009708737868,0.58811040339702758,0.60072815533980584
Lyase_8_int_Lyase_8_N,4,FisherM1ONLY,l1_reg,False,1.0,0.50592708566316258,0.50592708566316258
Lyase_8_int_Lyase_8_N,4,FisherM1ONLY,l1_reg,True,1.0,0.5,0.5
Lyase_8_int_Lyase_8_N,4,FisherM1ONLY,DL_S_new_Drop_out,False,1.0,0.50592708566316258,0.50592708566316258
Lyase_8_int_Lyase_8_N,4,FisherM1ONLY,DL_S_new_Drop_out,True,1.0,0.5,0.5
Lyase_8_int_Lyase_8_N,5,FisherM1ONLY,SVM,True,0.42533936651583709,0.46766169154228854,0.47058823529411764
Lyase_8_int_Lyase_8_N,5,FisherM1ONLY,SVM,False,0.45643939393939392,0.51448612381823722,0.51285173160173159
Lyase_8_int_Lyase_8_N,5,FisherM1ONLY,SVM_RBF,True,0.65837104072398189,0.51232394366197187,0.51583710407239824
Lyase_8_int_Lyase_8_N,5,FisherM1ONLY,SVM_RBF,False,0.65449134199134196,0.5406794814483683,0.5492424242424242
Lyase_8_int_Lyase_8_N,5,FisherM1ONLY,DL_xy,False,0.85988133272478318,0.67623833452979176,0.7273957158962796
Lyase_8_int_Lyase_8_N,5,FisherM1ONLY,DL_xy,True,0.89592760180995479,0.68630849220103984,0.74321266968325794
Lyase_8_int_Lyase_8_N,5,FisherM1ONLY,Sda_xy_with_first,False,0.81743496120492931,0.7310204081632653,0.76121758737316803
Lyase_8_int_Lyase_8_N,5,FisherM1ONLY,Sda_xy_with_first,True,0.87104072398190047,0.72368421052631593,0.76923076923076927
Lyase_8_int_Lyase_8_N,5,FisherM1ONLY,Sda_new,False,0.8836147877681424,0.67739678096571032,0.73461104847801584
Lyase_8_int_Lyase_8_N,5,FisherM1ONLY,Sda_new,True,0.89592760180995479,0.67461669505962518,0.73190045248868774
Lyase_8_int_Lyase_8_N,5,FisherM1ONLY,SAE_SVM,True,0.57466063348416285,0.57727272727272727,0.57692307692307687
Lyase_8_int_Lyase_8_N,5,FisherM1ONLY,SAE_SVM,False,0.60200216450216448,0.60742560742560747,0.60646645021645018
Lyase_8_int_Lyase_8_N,5,FisherM1ONLY,DL,False,0.14696485623003194,0.62282398452611221,0.53461104847801577
Lyase_8_int_Lyase_8_N,5,FisherM1ONLY,DL,True,0.1425339366515837,0.55263157894736847,0.51357466063348411
Lyase_8_int_Lyase_8_N,5,FisherM1ONLY,DL_S,False,0.78092195344591508,0.49912485414235702,0.5046223224351748
Lyase_8_int_Lyase_8_N,5,FisherM1ONLY,DL_S,True,0.78959276018099545,0.49433427762039661,0.49095022624434387
Lyase_8_int_Lyase_8_N,5,FisherM1ONLY,DL_S_new,False,0.80282975810132362,0.54424504950495045,0.57046223224351744
Lyase_8_int_Lyase_8_N,5,FisherM1ONLY,DL_S_new,True,0.79864253393665163,0.5340393343419062,0.55090497737556565
Lyase_8_int_Lyase_8_N,5,FisherM1ONLY,DL_S_new_contraction,False,1.0,0.49402480270574972,0.49402480270574972
Lyase_8_int_Lyase_8_N,5,FisherM1ONLY,DL_S_new_contraction,True,1.0,0.5,0.5
Lyase_8_int_Lyase_8_N,5,FisherM1ONLY,DL_S_new_sparsity,False,0.6622546782291191,0.62624082865774711,0.63788049605411501
Lyase_8_int_Lyase_8_N,5,FisherM1ONLY,DL_S_new_sparsity,True,0.69230769230769229,0.61818181818181817,0.63235294117647056
Lyase_8_int_Lyase_8_N,5,FisherM1ONLY,l1_reg,False,1.0,0.49402480270574972,0.49402480270574972
Lyase_8_int_Lyase_8_N,5,FisherM1ONLY,l1_reg,True,1.0,0.5,0.5
Lyase_8_int_Lyase_8_N,5,FisherM1ONLY,DL_S_new_Drop_out,False,0.0,0.0,0.50597519729425033
Lyase_8_int_Lyase_8_N,5,FisherM1ONLY,DL_S_new_Drop_out,True,0.0,0.0,0.5
Lyase_8_int_Lyase_8_N,6,FisherM1ONLY,SVM,True,0.47179487179487178,0.48548812664907653,0.48589743589743589
Lyase_8_int_Lyase_8_N,6,FisherM1ONLY,SVM,False,0.4789220917822839,0.53153686704175307,0.52841515474919953
Lyase_8_int_Lyase_8_N,6,FisherM1ONLY,SVM_RBF,True,0.66410256410256407,0.52112676056338025,0.52692307692307694
Lyase_8_int_Lyase_8_N,6,FisherM1ONLY,SVM_RBF,False,0.69130202774813232,0.5412575725924379,0.55269477054429028
Lyase_8_int_Lyase_8_N,6,FisherM1ONLY,DL_xy,False,0.82645361739902357,0.74301675977653636,0.76984656437625087
Lyase_8_int_Lyase_8_N,6,FisherM1ONLY,DL_xy,True,0.77692307692307694,0.679372197309417,0.70512820512820518
Lyase_8_int_Lyase_8_N,6,FisherM1ONLY,Sda_xy_with_first,False,0.82112738570794497,0.76604554865424435,0.7847453858127641
Lyase_8_int_Lyase_8_N,6,FisherM1ONLY,Sda_xy_with_first,True,0.77179487179487183,0.69036697247706413,0.71282051282051284
Lyase_8_int_Lyase_8_N,6,FisherM1ONLY,Sda_new,False,0.81313803817132713,0.77397549640895646,0.78741383144318433
Lyase_8_int_Lyase_8_N,6,FisherM1ONLY,Sda_new,True,0.77692307692307694,0.70138888888888884,0.72307692307692306
Lyase_8_int_Lyase_8_N,6,FisherM1ONLY,SAE_SVM,True,0.56923076923076921,0.56488549618320616,0.56538461538461537
Lyase_8_int_Lyase_8_N,6,FisherM1ONLY,SAE_SVM,False,0.58831376734258267,0.60510428100987923,0.60218783351120597
Lyase_8_int_Lyase_8_N,6,FisherM1ONLY,DL,False,0.56369285397248114,0.62933597621407333,0.61507671781187456
Lyase_8_int_Lyase_8_N,6,FisherM1ONLY,DL,True,0.55641025641025643,0.58648648648648649,0.58205128205128209
Lyase_8_int_Lyase_8_N,6,FisherM1ONLY,DL_S,False,0.020417221482467822,0.5679012345679012,0.50144540804981097
Lyase_8_int_Lyase_8_N,6,FisherM1ONLY,DL_S,True,0.035897435897435895,0.53846153846153844,0.50256410256410255
Lyase_8_int_Lyase_8_N,6,FisherM1ONLY,DL_S_new,False,0.63160230803373285,0.59915789473684211,0.6037358238825884
Lyase_8_int_Lyase_8_N,6,FisherM1ONLY,DL_S_new,True,0.62051282051282053,0.56542056074766356,0.57179487179487176
Lyase_8_int_Lyase_8_N,6,FisherM1ONLY,DL_S_new_contraction,False,0.0,0.0,0.49899933288859238
Lyase_8_int_Lyase_8_N,6,FisherM1ONLY,DL_S_new_contraction,True,0.0,0.0,0.5
Lyase_8_int_Lyase_8_N,6,FisherM1ONLY,DL_S_new_sparsity,False,0.58988015978695074,0.59224598930481287,0.59106070713809211
Lyase_8_int_Lyase_8_N,6,FisherM1ONLY,DL_S_new_sparsity,True,0.57179487179487176,0.55610972568578554,0.55769230769230771
Lyase_8_int_Lyase_8_N,6,FisherM1ONLY,l1_reg,False,0.0,0.0,0.49899933288859238
Lyase_8_int_Lyase_8_N,6,FisherM1ONLY,l1_reg,True,0.0,0.0,0.5
Lyase_8_int_Lyase_8_N,6,FisherM1ONLY,DL_S_new_Drop_out,False,0.0,0.0,0.49899933288859238
Lyase_8_int_Lyase_8_N,6,FisherM1ONLY,DL_S_new_Drop_out,True,0.0,0.0,0.5
Lyase_8_int_Lyase_8_N,7,FisherM1ONLY,SVM,True,0.52820512820512822,0.49638554216867475,0.49615384615384617
Lyase_8_int_Lyase_8_N,7,FisherM1ONLY,SVM,False,0.52854855923159016,0.51454545454545453,0.51494130202774813
Lyase_8_int_Lyase_8_N,7,FisherM1ONLY,SVM_RBF,True,0.70769230769230773,0.52173913043478259,0.52948717948717949
Lyase_8_int_Lyase_8_N,7,FisherM1ONLY,SVM_RBF,False,0.7059765208110993,0.53977968176254587,0.55202774813233724
Lyase_8_int_Lyase_8_N,7,FisherM1ONLY,DL_xy,False,0.77777777777777779,0.73637137989778534,0.75250166777851901
Lyase_8_int_Lyase_8_N,7,FisherM1ONLY,DL_xy,True,0.74102564102564106,0.70487804878048776,0.7153846153846154
Lyase_8_int_Lyase_8_N,7,FisherM1ONLY,Sda_xy_with_first,False,0.7755285650022492,0.73019906819144431,0.74738714698688014
Lyase_8_int_Lyase_8_N,7,FisherM1ONLY,Sda_xy_with_first,True,0.7384615384615385,0.69902912621359226,0.71025641025641029
Lyase_8_int_Lyase_8_N,7,FisherM1ONLY,Sda_new,False,0.79082321187584348,0.75353621945992288,0.76873471203024235
Lyase_8_int_Lyase_8_N,7,FisherM1ONLY,Sda_new,True,0.7384615384615385,0.70415647921760383,0.71410256410256412
Lyase_8_int_Lyase_8_N,7,FisherM1ONLY,SAE_SVM,True,0.60769230769230764,0.60459183673469385,0.60512820512820509
Lyase_8_int_Lyase_8_N,7,FisherM1ONLY,SAE_SVM,False,0.62700106723585913,0.61956235170050089,0.62099786552828173
Lyase_8_int_Lyase_8_N,7,FisherM1ONLY,DL,False,0.92982456140350878,0.53383264462809921,0.56393150989548591
Lyase_8_int_Lyase_8_N,7,FisherM1ONLY,DL,True,0.91025641025641024,0.53143712574850299,0.55384615384615388
Lyase_8_int_Lyase_8_N,7,FisherM1ONLY,DL_S,False,0.98830409356725146,0.50011381743683136,0.50589281743384473
Lyase_8_int_Lyase_8_N,7,FisherM1ONLY,DL_S,True,0.99230769230769234,0.50456323337679265,0.50897435897435894
Lyase_8_int_Lyase_8_N,7,FisherM1ONLY,DL_S_new,False,0.58479532163742687,0.61875297477391722,0.61663331109628639
Lyase_8_int_Lyase_8_N,7,FisherM1ONLY,DL_S_new,True,0.56923076923076921,0.59838274932614555,0.59358974358974359
Lyase_8_int_Lyase_8_N,7,FisherM1ONLY,DL_S_new_contraction,False,0.0,0.0,0.50567044696464314
Lyase_8_int_Lyase_8_N,7,FisherM1ONLY,DL_S_new_contraction,True,0.0,0.0,0.5
Lyase_8_int_Lyase_8_N,7,FisherM1ONLY,DL_S_new_sparsity,False,0.67746288798920373,0.64662945470158861,0.6575494774293974
Lyase_8_int_Lyase_8_N,7,FisherM1ONLY,DL_S_new_sparsity,True,0.64102564102564108,0.625,0.62820512820512819
Lyase_8_int_Lyase_8_N,7,FisherM1ONLY,l1_reg,False,0.0,0.0,0.50567044696464314
Lyase_8_int_Lyase_8_N,7,FisherM1ONLY,l1_reg,True,0.0,0.0,0.5
Lyase_8_int_Lyase_8_N,7,FisherM1ONLY,DL_S_new_Drop_out,False,0.0,0.0,0.50567044696464314
Lyase_8_int_Lyase_8_N,7,FisherM1ONLY,DL_S_new_Drop_out,True,0.0,0.0,0.5
Lyase_8_int_Lyase_8_N,8,FisherM1ONLY,SVM,True,0.52356020942408377,0.53619302949061665,0.53534031413612571
Lyase_8_int_Lyase_8_N,8,FisherM1ONLY,SVM,False,0.51970181043663477,0.53115646258503402,0.53048455804046857
Lyase_8_int_Lyase_8_N,8,FisherM1ONLY,SVM_RBF,True,0.67801047120418845,0.54872881355932202,0.56020942408376961
Lyase_8_int_Lyase_8_N,8,FisherM1ONLY,SVM_RBF,False,0.67651757188498407,0.54434447300771205,0.555111821086262
Lyase_8_int_Lyase_8_N,8,FisherM1ONLY,DL_xy,False,0.81563749444691247,0.7618257261410788,0.78056356778344793
Lyase_8_int_Lyase_8_N,8,FisherM1ONLY,DL_xy,True,0.80104712041884818,0.73205741626794252,0.75392670157068065
Lyase_8_int_Lyase_8_N,8,FisherM1ONLY,Sda_xy_with_first,False,0.76010661928031986,0.76520572450805013,0.76370090969602844
Lyase_8_int_Lyase_8_N,8,FisherM1ONLY,Sda_xy_with_first,True,0.74869109947643975,0.71144278606965183,0.72251308900523559
Lyase_8_int_Lyase_8_N,8,FisherM1ONLY,Sda_new,False,0.81785872945357618,0.7745056794278502,0.79010428222764584
Lyase_8_int_Lyase_8_N,8,FisherM1ONLY,Sda_new,True,0.81413612565445026,0.73349056603773599,0.75916230366492143
Lyase_8_int_Lyase_8_N,8,FisherM1ONLY,SAE_SVM,True,0.60209424083769636,0.61333333333333329,0.61125654450261779
Lyase_8_int_Lyase_8_N,8,FisherM1ONLY,SAE_SVM,False,0.59850905218317363,0.60268096514745306,0.60197018104366351
Lyase_8_int_Lyase_8_N,8,FisherM1ONLY,DL,False,0.11017325633051978,0.58767772511848337,0.51697359662746833
Lyase_8_int_Lyase_8_N,8,FisherM1ONLY,DL,True,0.086387434554973816,0.54098360655737709,0.50654450261780104
Lyase_8_int_Lyase_8_N,8,FisherM1ONLY,DL_S,False,0.14304753442914261,0.55709342560553632,0.51519857998668739
Lyase_8_int_Lyase_8_N,8,FisherM1ONLY,DL_S,True,0.14921465968586387,0.55339805825242716,0.51439790575916233
Lyase_8_int_Lyase_8_N,8,FisherM1ONLY,DL_S_new,False,0.36472678809418035,0.61636636636636633,0.56933658753050809
Lyase_8_int_Lyase_8_N,8,FisherM1ONLY,DL_S_new,True,0.34031413612565448,0.6132075471698113,0.56282722513089001
Lyase_8_int_Lyase_8_N,8,FisherM1ONLY,DL_S_new_contraction,False,0.0,0.0,0.50055469270024411
Lyase_8_int_Lyase_8_N,8,FisherM1ONLY,DL_S_new_contraction,True,0.0,0.0,0.5
Lyase_8_int_Lyase_8_N,8,FisherM1ONLY,DL_S_new_sparsity,False,0.68236339404709023,0.64187212703719176,0.65120923008653209
Lyase_8_int_Lyase_8_N,8,FisherM1ONLY,DL_S_new_sparsity,True,0.65706806282722519,0.63383838383838387,0.63874345549738221
Lyase_8_int_Lyase_8_N,8,FisherM1ONLY,l1_reg,False,0.0,0.0,0.50055469270024411
Lyase_8_int_Lyase_8_N,8,FisherM1ONLY,l1_reg,True,0.0,0.0,0.5
Lyase_8_int_Lyase_8_N,8,FisherM1ONLY,DL_S_new_Drop_out,False,0.0,0.0,0.50055469270024411
Lyase_8_int_Lyase_8_N,8,FisherM1ONLY,DL_S_new_Drop_out,True,0.0,0.0,0.5
Lyase_8_int_Lyase_8_N,9,FisherM1ONLY,SVM,True,0.49226804123711343,0.48477157360406092,0.4845360824742268
Lyase_8_int_Lyase_8_N,9,FisherM1ONLY,SVM,False,0.49333333333333335,0.51806216746009526,0.51719999999999999
Lyase_8_int_Lyase_8_N,9,FisherM1ONLY,SVM_RBF,True,0.7010309278350515,0.51224105461393599,0.51675257731958768
Lyase_8_int_Lyase_8_N,9,FisherM1ONLY,SVM_RBF,False,0.70186666666666664,0.53879222108495395,0.55053333333333332
Lyase_8_int_Lyase_8_N,9,FisherM1ONLY,DL_xy,False,0.7488646684831971,0.74682971014492749,0.75288888888888894
Lyase_8_int_Lyase_8_N,9,FisherM1ONLY,DL_xy,True,0.76546391752577314,0.7021276595744681,0.72036082474226804
Lyase_8_int_Lyase_8_N,9,FisherM1ONLY,Sda_xy_with_first,False,0.75567665758401448,0.72759073021425447,0.74199999999999999
Lyase_8_int_Lyase_8_N,9,FisherM1ONLY,Sda_xy_with_first,True,0.76804123711340211,0.69789227166276357,0.71778350515463918
Lyase_8_int_Lyase_8_N,9,FisherM1ONLY,Sda_new,False,0.77520435967302448,0.72917556599743705,0.74911111111111106
Lyase_8_int_Lyase_8_N,9,FisherM1ONLY,Sda_new,True,0.76546391752577314,0.70546318289786225,0.72293814432989689
Lyase_8_int_Lyase_8_N,9,FisherM1ONLY,SAE_SVM,True,0.54123711340206182,0.59322033898305082,0.58505154639175261
Lyase_8_int_Lyase_8_N,9,FisherM1ONLY,SAE_SVM,False,0.53386666666666671,0.59512485136741977,0.58533333333333337
Lyase_8_int_Lyase_8_N,9,FisherM1ONLY,DL,False,0.38010899182561309,0.54993429697766094,0.5444444444444444
Lyase_8_int_Lyase_8_N,9,FisherM1ONLY,DL,True,0.41494845360824745,0.54948805460750849,0.53737113402061853
Lyase_8_int_Lyase_8_N,9,FisherM1ONLY,DL_S,False,0.036330608537693009,0.62992125984251968,0.51800000000000002
Lyase_8_int_Lyase_8_N,9,FisherM1ONLY,DL_S,True,0.01804123711340206,0.77777777777777779,0.50644329896907214
Lyase_8_int_Lyase_8_N,9,FisherM1ONLY,DL_S_new,False,0.52270663033605813,0.57810145655449519,0.57977777777777773
Lyase_8_int_Lyase_8_N,9,FisherM1ONLY,DL_S_new,True,0.53865979381443296,0.54145077720207258,0.54123711340206182
Lyase_8_int_Lyase_8_N,9,FisherM1ONLY,DL_S_new_contraction,False,0.0,0.0,0.51066666666666671
Lyase_8_int_Lyase_8_N,9,FisherM1ONLY,DL_S_new_contraction,True,0.0,0.0,0.5
Lyase_8_int_Lyase_8_N,9,FisherM1ONLY,DL_S_new_sparsity,False,0.52543142597638515,0.61739594450373536,0.60844444444444445
Lyase_8_int_Lyase_8_N,9,FisherM1ONLY,DL_S_new_sparsity,True,0.53350515463917525,0.57983193277310929,0.57345360824742264
Lyase_8_int_Lyase_8_N,9,FisherM1ONLY,l1_reg,False,0.0,0.0,0.51066666666666671
Lyase_8_int_Lyase_8_N,9,FisherM1ONLY,l1_reg,True,0.0,0.0,0.5
Lyase_8_int_Lyase_8_N,9,FisherM1ONLY,DL_S_new_Drop_out,False,0.0,0.0,0.51066666666666671
Lyase_8_int_Lyase_8_N,9,FisherM1ONLY,DL_S_new_Drop_out,True,0.0,0.0,0.5
Lyase_8_int_Lyase_8_N,10,FisherM1ONLY,SVM,True,0.48305084745762711,0.5089285714285714,0.50847457627118642
Lyase_8_int_Lyase_8_N,10,FisherM1ONLY,SVM,False,0.52352008456659616,0.5264416688812118,0.52629492600422834
Lyase_8_int_Lyase_8_N,10,FisherM1ONLY,SVM_RBF,True,0.75706214689265539,0.52755905511811019,0.53954802259887003
Lyase_8_int_Lyase_8_N,10,FisherM1ONLY,SVM_RBF,False,0.71590909090909094,0.53985651654045441,0.55285412262156453
Lyase_8_int_Lyase_8_N,10,FisherM1ONLY,DL_xy,False,0.84443470639789653,0.73521556657764209,0.76894273127753299
Lyase_8_int_Lyase_8_N,10,FisherM1ONLY,DL_xy,True,0.88135593220338981,0.70112359550561798,0.75282485875706218
Lyase_8_int_Lyase_8_N,10,FisherM1ONLY,Sda_xy_with_first,False,0.82120946538124451,0.7683476834768348,0.7856828193832599
Lyase_8_int_Lyase_8_N,10,FisherM1ONLY,Sda_xy_with_first,True,0.85310734463276838,0.74201474201474205,0.77824858757062143
Lyase_8_int_Lyase_8_N,10,FisherM1ONLY,Sda_new,False,0.873794916739702,0.75387523629489606,0.79317180616740091
Lyase_8_int_Lyase_8_N,10,FisherM1ONLY,Sda_new,True,0.87570621468926557,0.69506726457399104,0.74576271186440679
Lyase_8_int_Lyase_8_N,10,FisherM1ONLY,SAE_SVM,True,0.60734463276836159,0.60906515580736542,0.60875706214689262
Lyase_8_int_Lyase_8_N,10,FisherM1ONLY,SAE_SVM,False,0.62262156448202954,0.6151436031331593,0.6165433403805497
Lyase_8_int_Lyase_8_N,10,FisherM1ONLY,DL,False,0.049956178790534621,0.78620689655172415,0.51563876651982377
Lyase_8_int_Lyase_8_N,10,FisherM1ONLY,DL,True,0.036723163841807911,1.0,0.51836158192090398
Lyase_8_int_Lyase_8_N,10,FisherM1ONLY,DL_S,False,1.0,0.50264317180616735,0.50264317180616735
Lyase_8_int_Lyase_8_N,10,FisherM1ONLY,DL_S,True,1.0,0.5,0.5
Lyase_8_int_Lyase_8_N,10,FisherM1ONLY,DL_S_new,False,0.55740578439964938,0.58029197080291972,0.57488986784140972
Lyase_8_int_Lyase_8_N,10,FisherM1ONLY,DL_S_new,True,0.54802259887005644,0.56891495601173026,0.56638418079096042
Lyase_8_int_Lyase_8_N,10,FisherM1ONLY,DL_S_new_contraction,False,1.0,0.50264317180616735,0.50264317180616735
Lyase_8_int_Lyase_8_N,10,FisherM1ONLY,DL_S_new_contraction,True,1.0,0.5,0.5
Lyase_8_int_Lyase_8_N,10,FisherM1ONLY,DL_S_new_sparsity,False,0.69631901840490795,0.59759308010530277,0.61167400881057266
Lyase_8_int_Lyase_8_N,10,FisherM1ONLY,DL_S_new_sparsity,True,0.74011299435028244,0.58744394618834084,0.61016949152542377
Lyase_8_int_Lyase_8_N,10,FisherM1ONLY,l1_reg,False,1.0,0.50264317180616735,0.50264317180616735
Lyase_8_int_Lyase_8_N,10,FisherM1ONLY,l1_reg,True,1.0,0.5,0.5
Lyase_8_int_Lyase_8_N,10,FisherM1ONLY,DL_S_new_Drop_out,False,1.0,0.50264317180616735,0.50264317180616735
Lyase_8_int_Lyase_8_N,10,FisherM1ONLY,DL_S_new_Drop_out,True,1.0,0.5,0.5
