no.,method,isTest,recall,precision,accuracy
1,SVM,True,0.51385809312638586,0.52491506228765572,0.52173913043478259
1,SVM,False,0.60630332578791568,0.61770445272307961,0.6152639832723471
1,SVM_RBF,True,0.39246119733924612,0.89506953223767383,0.67140468227424754
1,SVM_RBF,False,1.0,1.0,1.0
1,SVM_POLY,True,0.57871396895787142,0.89922480620155054,0.75557413600891865
1,SVM_POLY,False,0.74194671774333976,0.99069983724715183,0.86739850148109432
1,Log,True,0.53658536585365857,0.54199328107502798,0.53901895206243033
1,Log,False,0.68883858610482329,0.66767932489451476,0.67276529012023001
1,DL,True,0.87804878048780488,0.89340101522842641,0.88600891861761422
1,DL,False,0.99965174995646877,1.0,0.99982575361561243
1,SAE_SVM,True,0.67017738359201773,0.67883211678832112,0.67474916387959871
1,SAE_SVM,False,0.68152533519066694,0.67833622183708842,0.67895103676598711
1,SAE_SVM_RBF,True,0.78603104212860309,0.77191072400653238,0.77564102564102566
1,SAE_SVM_RBF,False,0.78843809855476232,0.78747826086956507,0.78768078062380209
1,SAE_SVM_POLY,True,0.73558758314855877,0.61435185185185182,0.63489409141583053
1,SAE_SVM_POLY,False,0.74734459341807413,0.60939940366321166,0.63390834640181215
1,DL_S,True,0.89412416851441245,0.90465507571508696,0.899386845039019
1,DL_S,False,0.99965174995646877,0.99982584465343083,0.99973863042341871
1,SAE_S_SVM,True,0.61917960088691792,0.56671740233384071,0.57051282051282048
1,SAE_S_SVM,False,0.65418770677346338,0.58593262632563947,0.59566126502875061
1,SAE_S_SVM_RBF,True,0.82926829268292679,0.77392653905845843,0.7923634336677815
1,SAE_S_SVM_RBF,False,0.82674560334320046,0.77759580740255496,0.7949991287680781
1,SAE_S_SVM_POLY,True,0.76829268292682928,0.61517976031957389,0.64186176142697882
1,SAE_S_SVM_POLY,False,0.76632422079052764,0.60024549918166936,0.62772259975605504
2,SVM,True,0.5359147025813692,0.52850027670171551,0.53322212955240478
2,SVM,False,0.60059274755927472,0.60951875442321302,0.60917542792597101
2,SVM_RBF,True,0.33333333333333331,0.90687022900763359,0.65276619405059777
2,SVM_RBF,False,1.0,1.0,1.0
2,SVM_POLY,True,0.6290684624017957,0.90257648953301117,0.78259660828468169
2,SVM_POLY,False,0.79463040446304045,0.98636658731876214,0.89217134416543575
2,Log,True,0.54264870931537601,0.53219592735277932,0.53711426188490408
2,Log,False,0.68654114365411434,0.6606274115081362,0.66799895733773573
2,DL,True,0.87205387205387208,0.88496583143507956,0.88045593550180701
2,DL,False,1.0,0.9994772608468373,0.99973933443392127
2,SAE_SVM,True,0.67003367003366998,0.65894039735099341,0.66472060050041704
2,SAE_SVM,False,0.68706415620641559,0.67621825669183255,0.68007646189938309
2,SAE_SVM_RBF,True,0.78731762065095401,0.75755939524838012,0.76980817347789821
2,SAE_SVM_RBF,False,0.80648535564853552,0.77319070700317571,0.78564601616126506
2,SAE_SVM_POLY,True,0.74017957351290686,0.5695164075993091,0.59410619961078681
2,SAE_SVM_POLY,False,0.77179218967921892,0.58783694064533265,0.6165609522982014
2,DL_S,True,0.89393939393939392,0.89797068771138677,0.89713650264108979
2,DL_S,False,1.0,1.0,1.0
2,SAE_S_SVM,True,0.6184062850729517,0.55127563781890943,0.56157909368918546
2,SAE_S_SVM,False,0.6586471408647141,0.58185738487602034,0.59396993657137898
2,SAE_S_SVM_RBF,True,0.83277216610549942,0.75329949238578686,0.78204058938003895
2,SAE_S_SVM_RBF,False,0.85181311018131101,0.77310126582278482,0.80154661569206709
2,SAE_S_SVM_POLY,True,0.74915824915824913,0.56784347086346232,0.59327217125382259
2,SAE_S_SVM_POLY,False,0.78329846582984664,0.59180716543730238,0.62273003736206445
3,SVM,True,0.54530477759472817,0.54084967320261434,0.53966942148760333
3,SVM,False,0.59889158295808798,0.58869594824651006,0.59256070260031002
3,SVM_RBF,True,0.28610653487095,0.9060869565217391,0.62699724517906341
3,SVM_RBF,False,1.0,1.0,1.0
3,SVM_POLY,True,0.58868753432180121,0.90847457627118644,0.76391184573002757
3,SVM_POLY,False,0.76532732940768966,0.99214189492590921,0.88031685896332013
3,Log,True,0.56342668863261947,0.5554953979426096,0.55482093663911847
3,Log,False,0.67336335296155181,0.65027596588058201,0.6575684518684346
3,DL,True,0.85886875343218017,0.88511601584606681,0.8732782369146006
3,DL,False,1.0,0.99982683982683984,0.99991389702083688
3,SAE_SVM,True,0.65348709500274571,0.6692913385826772,0.6641873278236915
3,SAE_SVM,False,0.67145826117076546,0.66971843150803245,0.67203375236783192
3,SAE_SVM_RBF,True,0.77869302580999455,0.77317339149400222,0.77438016528925624
3,SAE_SVM_RBF,False,0.79823346033945275,0.78745942251836665,0.79257792319614262
3,SAE_SVM_POLY,True,0.69686985172981875,0.59689557855126996,0.61184573002754816
3,SAE_SVM_POLY,False,0.72151021821960515,0.60289435600578867,0.62527983468227999
3,DL_S,True,0.88907193849533228,0.90396426577331102,0.89696969696969697
3,DL_S,False,1.0,1.0,1.0
3,SAE_S_SVM,True,0.62767710049423397,0.56500247157686601,0.57079889807162532
3,SAE_S_SVM,False,0.6560443366816765,0.58053639846743299,0.59333562941277773
3,SAE_S_SVM_RBF,True,0.84623833058758924,0.77011494252873558,0.79614325068870528
3,SAE_S_SVM_RBF,False,0.84239695185313479,0.780112269446672,0.80359910452901673
3,SAE_S_SVM_POLY,True,0.72926963207029105,0.61001378043178689,0.63030303030303025
3,SAE_S_SVM_POLY,False,0.73190162798753033,0.60328336902212709,0.62743240916135701
4,SVM,True,0.50778642936596219,0.53360607831677387,0.52618243243243246
4,SVM,False,0.59656576385200921,0.61339643247178743,0.6125143008008449
4,SVM_RBF,True,0.29810901001112344,0.9162393162393162,0.63091216216216217
4,SVM_RBF,False,1.0,1.0,1.0
4,SVM_POLY,True,0.58008898776418238,0.89451114922813035,0.75281531531531531
4,SVM_POLY,False,0.75376172773942296,0.9906933457422058,0.87406494763706766
4,Log,True,0.54838709677419351,0.54057017543859653,0.53547297297297303
4,Log,False,0.68295273499734466,0.65937446590326443,0.66698935140367865
4,DL,True,0.87374860956618461,0.86604189636163176,0.86768018018018023
4,DL,False,0.99982297751814475,0.9996460176991151,0.99973598521517204
4,SAE_SVM,True,0.68464961067853169,0.66325431034482762,0.6644144144144144
4,SAE_SVM,False,0.69552133120906356,0.68772973919131808,0.69163073132095398
4,SAE_SVM_RBF,True,0.7992213570634038,0.76436170212765953,0.77364864864864868
4,SAE_SVM_RBF,False,0.78934324659231725,0.77995452160223888,0.7845639355803925
4,SAE_SVM_POLY,True,0.74638487208008897,0.60944595821980019,0.62950450450450446
4,SAE_SVM_POLY,False,0.7284475128341299,0.59889390190656377,0.62245885769603093
4,DL_S,True,0.8976640711902113,0.90369540873460241,0.89977477477477474
4,DL_S,False,0.99964595503628961,0.99929216067952575,0.99947197043034408
4,SAE_S_SVM,True,0.60789766407119017,0.56514994829369181,0.56475225225225223
4,SAE_S_SVM,False,0.66277217206585237,0.59646327863629123,0.60943412831118537
4,SAE_S_SVM_RBF,True,0.82313681868743049,0.76723691031622587,0.78406531531531531
4,SAE_S_SVM_RBF,False,0.84262701363073111,0.77373211963589072,0.79926075860248169
4,SAE_S_SVM_POLY,True,0.73748609566184653,0.60163339382940106,0.61993243243243246
4,SAE_S_SVM_POLY,False,0.74561869357408395,0.60517241379310349,0.63169937516500929
5,SVM,True,0.55649241146711637,0.52575677110993091,0.53134577876845923
5,SVM,False,0.61738978306508052,0.59042998159611848,0.59639498432601878
5,SVM_RBF,True,0.26531759415401912,0.95161290322580649,0.62914460852605181
5,SVM_RBF,False,1.0,1.0,1.0
5,SVM_POLY,True,0.57110736368746484,0.900709219858156,0.75619949846753975
5,SVM_POLY,False,0.74597620713785862,0.98795180722891562,0.86903517938000696
5,Log,True,0.55536818437324342,0.53871319520174477,0.54388409027584284
5,Log,False,0.6843946815955213,0.66350067842605154,0.6701497735980495
5,DL,True,0.86734120292299044,0.87323146576117716,0.87183059348007796
5,DL,False,0.99982505248425468,0.99965016617106883,0.9997387669801463
5,SAE_SVM,True,0.68128161888701522,0.66740088105726858,0.673725271663416
5,SAE_SVM,False,0.68684394681595518,0.67538276277309484,0.67981539533263668
5,SAE_SVM_RBF,True,0.77627880831928053,0.75671232876712324,0.76539426023962109
5,SAE_SVM_RBF,False,0.78516445066480056,0.7821540606483095,0.78422152560083591
5,SAE_SVM_POLY,True,0.70489038785834734,0.59771210676835085,0.61855670103092786
5,SAE_SVM_POLY,False,0.7129111266620014,0.60138724911452179,0.62190874259839779
5,DL_S,True,0.89207419898819562,0.89257592800899888,0.8932850376149345
5,DL_S,False,0.99947515745276416,0.99930033234213744,0.99939045628700807
5,SAE_S_SVM,True,0.63856098931984262,0.55740922473012755,0.5695179715798272
5,SAE_S_SVM,False,0.6499300209937019,0.58183241973375099,0.59326018808777425
5,SAE_S_SVM_RBF,True,0.82686902754356384,0.75552131484334872,0.7815547506269156
5,SAE_S_SVM_RBF,False,0.83100069979006297,0.77160493827160481,0.79345175896900033
5,SAE_S_SVM_POLY,True,0.71950534007869593,0.59479553903345728,0.61799944274171081
5,SAE_S_SVM_POLY,False,0.72060881735479354,0.59592013888888884,0.61772901428073845
6,SVM,True,0.5574776785714286,0.54029204975662515,0.54106145251396653
6,SVM,False,0.63314646110721795,0.60678307588985891,0.61271171643094113
6,SVM_RBF,True,0.39229910714285715,0.88762626262626265,0.67094972067039105
6,SVM_RBF,False,1.0,1.0,1.0
6,SVM_POLY,True,0.6395089285714286,0.8842592592592593,0.77765363128491616
6,SVM_POLY,False,0.79782761037140859,0.98464864864864865,0.89305046272044697
6,Log,True,0.5719866071428571,0.55495397942609637,0.55614525139664805
6,Log,False,0.69709180098107915,0.66360907271514347,0.67295268028636279
6,DL,True,0.8733258928571429,0.8811936936936936,0.87765363128491625
6,DL,False,0.99982480728801681,1.0,0.99991269425528195
6,SAE_SVM,True,0.6456473214285714,0.66265750286368841,0.6581005586592179
6,SAE_SVM,False,0.69148563419761733,0.68369998267798371,0.68683429369652527
6,SAE_SVM_RBF,True,0.7918526785714286,0.75599360681939254,0.76787709497206702
6,SAE_SVM_RBF,False,0.80798878766643312,0.76522316243570587,0.78077527501309585
6,SAE_SVM_POLY,True,0.7466517857142857,0.59946236559139787,0.623463687150838
6,SAE_SVM_POLY,False,0.76173791170287319,0.59092144604512098,0.61847389558232935
6,DL_S,True,0.8900669642857143,0.88957055214723924,0.88966480446927376
6,DL_S,False,0.99947442186405044,1.0,0.99973808276584597
6,SAE_S_SVM,True,0.62890625,0.56069651741293536,0.56759776536312845
6,SAE_S_SVM,False,0.65364400840925019,0.59034810126582282,0.6013619696176008
6,SAE_S_SVM_RBF,True,0.8225446428571429,0.74595141700404854,0.77094972067039103
6,SAE_S_SVM_RBF,False,0.84985984583041341,0.76695652173913043,0.79649030906233631
6,SAE_S_SVM_POLY,True,0.7555803571428571,0.59464207290294246,0.61983240223463687
6,SAE_S_SVM_POLY,False,0.77049754730203224,0.59057338525580771,0.61943425877422731
7,SVM,True,0.49561403508771928,0.53364817001180642,0.52513190780338792
7,SVM,False,0.57468662952646243,0.59931009440813365,0.59635416666666663
7,SVM_RBF,True,0.3294956140350877,0.90785498489425986,0.64343237989447377
7,SVM_RBF,False,1.0,1.0,1.0
7,SVM_POLY,True,0.63651315789473684,0.90069821567106279,0.78033879477922796
7,SVM_POLY,False,0.78847493036211702,0.98714036617262424,0.88940972222222225
7,Log,True,0.55866228070175439,0.55805038335158819,0.55234657039711188
7,Log,False,0.67983983286908078,0.66468085106382979,0.66935763888888888
7,DL,True,0.87828947368421051,0.89347462353597318,0.8853096362121633
7,DL,False,1.0,1.0,1.0
7,SAE_SVM,True,0.65186403508771928,0.6635044642857143,0.65620660927520136
7,SAE_SVM,False,0.6915041782729805,0.6837665691168876,0.68671875000000004
7,SAE_SVM_RBF,True,0.79660087719298245,0.766754617414248,0.77422938072757563
7,SAE_SVM_RBF,False,0.80188022284122562,0.7780405405405405,0.78715277777777781
7,SAE_SVM_POLY,True,0.73355263157894735,0.60134831460674154,0.61871702304915299
7,SAE_SVM_POLY,False,0.73555013927576607,0.60357142857142854,0.62725694444444446
7,DL_S,True,0.89967105263157898,0.90662983425414378,0.90224937517356285
7,DL_S,False,1.0,1.0,1.0
7,SAE_S_SVM,True,0.63267543859649122,0.57642357642357644,0.57845043043598998
7,SAE_S_SVM,False,0.66991643454038996,0.59172689527910194,0.6049479166666667
7,SAE_S_SVM_RBF,True,0.83333333333333337,0.76190476190476186,0.78367120244376565
7,SAE_S_SVM_RBF,False,0.83321727019498604,0.77007240547063571,0.79279513888888886
7,SAE_S_SVM_POLY,True,0.74671052631578949,0.60425909494232477,0.62399333518467093
7,SAE_S_SVM_POLY,False,0.74373259052924789,0.60390161153519928,0.62899305555555551
8,SVM,True,0.51642935377875132,0.54477180820335069,0.54319300164024054
8,SVM,False,0.58310439560439564,0.60707901322845903,0.60468296017774736
8,SVM_RBF,True,0.36363636363636365,0.91083676268861458,0.66457080371787858
8,SVM_RBF,False,1.0,1.0,1.0
8,SVM_POLY,True,0.62924424972617743,0.88589051657671547,0.7744669218151996
8,SVM_POLY,False,0.78674450549450547,0.98686194270945515,0.88865151256195518
8,Log,True,0.5750273822562979,0.55643879173290933,0.5590486604702023
8,Log,False,0.6741071428571429,0.65324459234608989,0.6597162878140489
8,DL,True,0.87130339539978097,0.88095238095238082,0.87698195735374518
8,DL,False,1.0,1.0,1.0
8,SAE_SVM,True,0.68510405257393214,0.66471838469713074,0.67031164570803714
8,SAE_SVM,False,0.67239010989010994,0.67273664318845561,0.67415826354469321
8,SAE_SVM_RBF,True,0.76506024096385539,0.75636166756903089,0.75970475669764903
8,SAE_SVM_RBF,False,0.78622939560439564,0.77074566571284298,0.77721756964621436
8,SAE_SVM_POLY,True,0.72562979189485211,0.59846431797651312,0.62001093493712411
8,SAE_SVM_POLY,False,0.72664835164835162,0.59689703808180539,0.61972312425226461
8,DL_S,True,0.89430449069003282,0.90722222222222226,0.90158556588299621
8,DL_S,False,1.0,1.0,1.0
8,SAE_S_SVM,True,0.63855421686746983,0.572972972972973,0.58201202843083655
8,SAE_S_SVM,False,0.66140109890109888,0.59197786998616875,0.60459750470005125
8,SAE_S_SVM_RBF,True,0.81763417305585984,0.76958762886597942,0.78676872607982506
8,SAE_S_SVM_RBF,False,0.84048763736263732,0.77550697084917619,0.79952144932490177
8,SAE_S_SVM_POLY,True,0.72782037239868569,0.59810981098109806,0.62001093493712411
8,SAE_S_SVM_POLY,False,0.72664835164835162,0.59572072072072069,0.61852674756451886
9,SVM,True,0.51173184357541901,0.52947976878612713,0.53072004448151233
9,SVM,False,0.59649427282193679,0.59618386816999136,0.59567257559958287
9,SVM_RBF,True,0.39385474860335196,0.89240506329113922,0.67472894078398671
9,SVM_RBF,False,1.0,1.0,1.0
9,SVM_POLY,True,0.69497206703910619,0.87053883834849544,0.79677509035307204
9,SVM_POLY,False,0.86185352308226315,0.97852216748768472,0.92135905457073342
9,Log,True,0.56256983240223468,0.54081632653061229,0.5446205170975813
9,Log,False,0.69784796945505034,0.66661140583554379,0.67396593673965932
9,DL,True,0.87486033519553075,0.86423841059602657,0.86933555740895185
9,DL,False,1.0,0.99982647926427204,0.9999131039277025
9,SAE_SVM,True,0.66592178770949717,0.65101037684325502,0.65610230747845422
9,SAE_SVM,False,0.69402985074626866,0.67357251136937846,0.67839763642683348
9,SAE_SVM_RBF,True,0.78770949720670391,0.74682203389830504,0.76146788990825687
9,SAE_SVM_RBF,False,0.8094411662617147,0.77642750124854332,0.78788668752172397
9,SAE_SVM_POLY,True,0.73463687150837986,0.58006175562417295,0.60328051153739226
9,SAE_SVM_POLY,False,0.74540090246442203,0.59894017570771163,0.62261035801181785
9,DL_S,True,0.88379888268156426,0.90867317633543943,0.89797053099805391
9,DL_S,False,0.99965289829920168,1.0,0.99982620785540488
9,SAE_S_SVM,True,0.64972067039106141,0.56102267245537862,0.57269947178204061
9,SAE_S_SVM,False,0.67441860465116277,0.58550549947265329,0.59793187347931875
9,SAE_S_SVM_RBF,True,0.83407821229050283,0.7391089108910891,0.7709202112871838
9,SAE_S_SVM_RBF,False,0.85855605692467896,0.76543400897416047,0.79744525547445255
9,SAE_S_SVM_POLY,True,0.73575418994413411,0.56939040207522695,0.59160411453989437
9,SAE_S_SVM_POLY,False,0.7572023602915654,0.59279891304347831,0.61800486618004868
10,SVM,True,0.52197802197802201,0.52807115063924404,0.524218101300858
10,SVM,False,0.57647882394119709,0.59522949042284057,0.59688581314878897
10,SVM_RBF,True,0.25549450549450547,0.9189723320158103,0.61361749238859675
10,SVM_RBF,False,1.0,1.0,1.0
10,SVM_POLY,True,0.56483516483516483,0.88927335640138405,0.74536396346526435
10,SVM_POLY,False,0.7495624781239062,0.991664737207687,0.87309688581314882
10,Log,True,0.55164835164835169,0.54803493449781659,0.54497647384445058
10,Log,False,0.67973398669933494,0.65663567202028739,0.66600346020761247
10,DL,True,0.87197802197802199,0.8729372937293729,0.87157486853030719
10,DL,False,1.0,0.99982502187226596,0.99991349480968861
10,SAE_SVM,True,0.67637362637362641,0.66111707841031153,0.66233047329089401
10,SAE_SVM,False,0.67693384669233458,0.67835847071203081,0.68166089965397925
10,SAE_SVM_RBF,True,0.7741758241758242,0.74668786433492307,0.75394409078328262
10,SAE_SVM_RBF,False,0.79786489324466225,0.78481666379755555,0.79195501730103801
10,SAE_SVM_POLY,True,0.69505494505494503,0.59952606635071093,0.61251037918627182
10,SAE_SVM_POLY,False,0.7017850892544627,0.59672619047619047,0.6181660899653979
10,DL_S,True,0.88571428571428568,0.90308123249299732,0.89454746747854963
10,DL_S,False,1.0,1.0,1.0
10,SAE_S_SVM,True,0.60549450549450545,0.57068876229932675,0.57182396900083032
10,SAE_S_SVM,False,0.63755687784389214,0.5853149100257069,0.59757785467128033
10,SAE_S_SVM_RBF,True,0.81538461538461537,0.74911660777385158,0.76944367561583171
10,SAE_S_SVM_RBF,False,0.83916695834791744,0.78209101288533678,0.80493079584775085
10,SAE_S_SVM_POLY,True,0.71923076923076923,0.60211591536338549,0.61915305840022139
10,SAE_S_SVM_POLY,False,0.72506125306265312,0.60026079397276155,0.62543252595155707
11,SVM,True,0.53778268063982348,0.56163594470046085,0.55496799332034508
11,SVM,False,0.59894829097283087,0.5965432960893855,0.59994780793319413
11,SVM_RBF,True,0.32542746828461117,0.9147286821705426,0.64430837740050095
11,SVM_RBF,False,1.0,1.0,1.0
11,SVM_POLY,True,0.56922228350799775,0.90446976336546892,0.75229613136654605
11,SVM_POLY,False,0.73023663453111309,0.99403483655452163,0.86395267919276275
11,Log,True,0.54495311638168786,0.55412226584408297,0.54912329529640969
11,Log,False,0.67309377738825593,0.65719664555878832,0.66353514265831592
11,DL,True,0.85273028130170991,0.87791027825099377,0.86585026440300583
11,DL,False,1.0,1.0,1.0
11,SAE_SVM,True,0.66850523993381139,0.6652030735455543,0.66295574728639017
11,SAE_SVM,False,0.68063102541630149,0.67238095238095241,0.67693110647181631
11,SAE_SVM_RBF,True,0.78102592388306669,0.77674163466812951,0.77623156136932925
11,SAE_SVM_RBF,False,0.8038562664329536,0.78433384641696602,0.79297146833681276
11,SAE_SVM_POLY,True,0.77992277992277992,0.60298507462686568,0.62983579181742277
11,SAE_SVM_POLY,False,0.76967572304995613,0.59790305010893241,0.62882741823242871
11,DL_S,True,0.89409817981246553,0.89855875831485588,0.89563039242972442
11,DL_S,False,1.0,0.99982474588152825,0.99991301322199022
11,SAE_S_SVM,True,0.61224489795918369,0.56661562021439515,0.56804898413581961
11,SAE_S_SVM,False,0.64995617879053458,0.58615238697439143,0.59855601948503823
11,SAE_S_SVM_RBF,True,0.82294539437396586,0.77587103484139364,0.79070414695240743
11,SAE_S_SVM_RBF,False,0.83575810692375108,0.78151122766759551,0.80254001391788443
11,SAE_S_SVM_POLY,True,0.75565361279646992,0.60700044306601686,0.62983579181742277
11,SAE_S_SVM_POLY,False,0.74916739702015778,0.59534754144031199,0.62282533054975642
12,SVM,True,0.53667745415318235,0.54550438596491224,0.53904969961769522
12,SVM,False,0.62403433476394854,0.60836820083682008,0.61334926596107886
12,SVM_RBF,True,0.31984897518878103,0.92946708463949845,0.64336428181321681
12,SVM_RBF,False,1.0,1.0,1.0
12,SVM_POLY,True,0.58360302049622437,0.89273927392739272,0.75368651010376841
12,SVM_POLY,False,0.75896995708154502,0.98727110317105837,0.87529873677022874
12,Log,True,0.55177993527508096,0.56801776790671854,0.56062261059530316
12,Log,False,0.68927038626609438,0.66484517304189439,0.67275520655513832
12,DL,True,0.86839266450916941,0.88412959912136191,0.87575095576187878
12,DL,False,0.99982832618025752,1.0,0.99991464663707752
12,SAE_SVM,True,0.64994606256742182,0.66027397260273968,0.65346805024576737
12,SAE_SVM,False,0.68806866952789703,0.67361344537815127,0.67915670877432566
12,SAE_SVM_RBF,True,0.80528586839266447,0.7735751295336788,0.78208629164391041
12,SAE_SVM_RBF,False,0.81768240343347642,0.77359103459477008,0.79037214066234207
12,SAE_SVM_POLY,True,0.74379719525350596,0.61343416370106763,0.63298743855816497
12,SAE_SVM_POLY,False,0.73218884120171679,0.59658693523569728,0.62068965517241381
12,DL_S,True,0.88619201725997843,0.89148128052088982,0.88776624795193881
12,DL_S,False,0.99965665236051504,1.0,0.99982929327415504
12,SAE_S_SVM,True,0.61542610571736789,0.56569162121963312,0.56608410704533041
12,SAE_S_SVM,False,0.65991416309012874,0.5826007881176114,0.59585182656196656
12,SAE_S_SVM_RBF,True,0.84196332254584683,0.77124505928853759,0.79355543418896779
12,SAE_S_SVM_RBF,False,0.85012875536480692,0.76478764478764472,0.7954933424376921
12,SAE_S_SVM_POLY,True,0.75458468176914784,0.61065037101702313,0.63216821409066082
12,SAE_S_SVM_POLY,False,0.74128755364806864,0.59698603622286739,0.62256742915670882
13,SVM,True,0.55412226584408297,0.53754080522306857,0.54203786191536751
13,SVM,False,0.6145290232881474,0.61261261261261257,0.61239230702288749
13,SVM_RBF,True,0.47728547392035897,0.85185185185185186,0.69933184855233854
13,SVM_RBF,False,1.0,1.0,1.0
13,SVM_POLY,True,0.6365675827257431,0.88949843260188088,0.78034521158129178
13,SVM_POLY,False,0.78710462287104621,0.98649531692441739,0.8879993038029762
13,Log,True,0.55131800336511494,0.54040681693238046,0.54454342984409798
13,Log,False,0.68543621828293366,0.65964208061548757,0.66539030545644418
13,DL,True,0.88726864834548513,0.86923076923076925,0.87778396436525608
13,DL,False,1.0,1.0,1.0
13,SAE_SVM,True,0.66909702748177224,0.65621562156215618,0.66174832962138086
13,SAE_SVM,False,0.68491484184914841,0.6721814770595258,0.67496301453311291
13,SAE_SVM_RBF,True,0.7941671340437465,0.7588424437299035,0.77255011135857465
13,SAE_SVM_RBF,False,0.805352798053528,0.7705354173594946,0.78243843007571146
13,SAE_SVM_POLY,True,0.73752103196859231,0.5839253996447602,0.60885300668151443
13,SAE_SVM_POLY,False,0.75078206465067776,0.59430458109781259,0.61857105560873726
13,DL_S,True,0.89231632080762757,0.89937817976257772,0.89699331848552344
13,DL_S,False,1.0,1.0,1.0
13,SAE_S_SVM,True,0.63600673022994947,0.56138613861386144,0.5726614699331849
13,SAE_S_SVM,False,0.67049009384775804,0.59665944942777605,0.60804107562440168
13,SAE_S_SVM_RBF,True,0.83174425126191809,0.75817995910020453,0.78479955456570161
13,SAE_S_SVM_RBF,False,0.84671532846715325,0.77765363128491616,0.80201897136889744
13,SAE_S_SVM_POLY,True,0.73864273696017946,0.5897895208240036,0.61525612472160351
13,SAE_S_SVM_POLY,False,0.74956551963851237,0.59456851392335264,0.61865808023670699
14,SVM,True,0.5213347921225383,0.53811405985319027,0.52998334258745139
14,SVM,False,0.62082106357179978,0.61139542818150805,0.61244143675169183
14,SVM_RBF,True,0.54157549234135671,0.85344827586206895,0.72015546918378681
14,SVM_RBF,False,1.0,1.0,1.0
14,SVM_POLY,True,0.64442013129102849,0.8758364312267658,0.77318156579677955
14,SVM_POLY,False,0.80616663779663955,0.98351648351648346,0.8961478396668402
14,Log,True,0.54048140043763682,0.54375343973582824,0.53664630760688503
14,Log,False,0.67919625844448295,0.6568939520857765,0.66163456533055698
14,DL,True,0.87089715536105028,0.86804798255179938,0.86729594669627985
14,DL,False,0.99982677983717305,1.0,0.99991323963213607
14,SAE_SVM,True,0.65645514223194745,0.65717415115005473,0.65186007773459187
14,SAE_SVM,False,0.68803048674865752,0.67322033898305089,0.67647058823529416
14,SAE_SVM_RBF,True,0.79048140043763682,0.75932737782448767,0.7665186007773459
14,SAE_SVM_RBF,False,0.81326866447254464,0.77322134387351771,0.78700329689397885
14,SAE_SVM_POLY,True,0.74234135667396062,0.59569798068481128,0.61354802887284843
14,SAE_SVM_POLY,False,0.75472024943703442,0.59005958829902494,0.61452368558042691
14,DL_S,True,0.88949671772428884,0.89389774601429361,0.8903387007218212
14,DL_S,False,0.99982677983717305,1.0,0.99991323963213607
14,SAE_S_SVM,True,0.62472647702407003,0.58205912334352705,0.58189894503053863
14,SAE_S_SVM,False,0.65650441711415208,0.58686899969030659,0.59647752906472329
14,SAE_S_SVM_RBF,True,0.8440919037199125,0.75897688145597642,0.78484175458078842
14,SAE_S_SVM_RBF,False,0.85466828338818635,0.7665061363989436,0.79680721846260627
14,SAE_S_SVM_POLY,True,0.7489059080962801,0.60149384885764501,0.62076624097723487
14,SAE_S_SVM_POLY,False,0.74813788324961028,0.59059209626692188,0.61408988374110707
15,SVM,True,0.548868028713418,0.53758788534342883,0.53837658752070683
15,SVM,False,0.61958405545927209,0.60134566862910011,0.60602399240528182
15,SVM_RBF,True,0.34566537824406407,0.89556509298998566,0.65267807840971837
15,SVM_RBF,False,1.0,1.0,1.0
15,SVM_POLY,True,0.6184428492545555,0.89600000000000002,0.77332965212589733
15,SVM_POLY,False,0.77729636048526862,0.98658161020677526,0.88383533270044012
15,Log,True,0.54776366648260633,0.54415798134942406,0.5444505797901712
15,Log,False,0.67729636048526864,0.65702757229320785,0.66324328989384651
15,DL,True,0.87741579237990064,0.88326848249027234,0.88072887907233577
15,DL,False,0.99982668977469669,0.99982668977469669,0.99982739276775701
15,SAE_SVM,True,0.63997791275538374,0.65295774647887328,0.64991717283268913
15,SAE_SVM,False,0.68457538994800693,0.6791609353507565,0.68188487097609385
15,SAE_SVM_RBF,True,0.77305356156819438,0.75675675675675669,0.76228602981778026
15,SAE_SVM_RBF,False,0.80138648180242633,0.77701226684590829,0.78657115733149219
15,SAE_SVM_POLY,True,0.72170071783544998,0.59113523292627768,0.61126449475427935
15,SAE_SVM_POLY,False,0.7395147313691508,0.60022506681671117,0.62501078795201515
15,DL_S,True,0.90060739922694644,0.89566172432729274,0.8978464936499172
15,DL_S,False,0.99982668977469669,0.99982668977469669,0.99982739276775701
15,SAE_S_SVM,True,0.62065157371617896,0.55753968253968256,0.56405300938707892
15,SAE_S_SVM,False,0.64852686308492202,0.57871945561398086,0.58988521619055834
15,SAE_S_SVM_RBF,True,0.83655438983986752,0.75674325674325671,0.7838210933186085
15,SAE_S_SVM_RBF,False,0.84835355285961866,0.76388888888888884,0.79390696470182098
15,SAE_S_SVM_POLY,True,0.73550524572059639,0.5935828877005348,0.6159580342352291
15,SAE_S_SVM_POLY,False,0.75355285961871754,0.59472028450280401,0.6215586433071546
16,SVM,True,0.56043956043956045,0.54458088627869727,0.53813914501257332
16,SVM,False,0.62418242884921338,0.59888059701492535,0.60777292576419217
16,SVM_RBF,True,0.25164835164835164,0.94824016563146996,0.61246158144733165
16,SVM_RBF,False,1.0,1.0,1.0
16,SVM_POLY,True,0.57087912087912085,0.91140350877192977,0.7535624476110645
16,SVM_POLY,False,0.73660951034117028,0.99119885823025689,0.86663755458515279
16,Log,True,0.56813186813186811,0.57348863006100947,0.56552109527801064
16,Log,False,0.67898179246950685,0.65973892133287526,0.66838427947598256
16,DL,True,0.86153846153846159,0.89344729344729346,0.87734003911707181
16,DL,False,1.0,1.0,1.0
16,SAE_SVM,True,0.65109890109890112,0.65869927737632017,0.65101983794355966
16,SAE_SVM,False,0.67986565317305991,0.67390923427369898,0.67930131004366812
16,SAE_SVM_RBF,True,0.75054945054945055,0.7765776009096077,0.76334171556300645
16,SAE_SVM_RBF,False,0.78504507689588121,0.7844903727256668,0.78724890829694327
16,SAE_SVM_POLY,True,0.67802197802197806,0.61119366022783561,0.61693210393964792
16,SAE_SVM_POLY,False,0.69630546225914791,0.59790528233151186,0.61860262008733624
16,DL_S,True,0.88241758241758239,0.90734463276836164,0.89438390611902763
16,DL_S,False,0.99982322785928934,0.9996465182043125,0.99973799126637553
16,SAE_S_SVM,True,0.606043956043956,0.57930672268907568,0.57585917854149204
16,SAE_S_SVM,False,0.64327382004596079,0.58931174089068827,0.60227074235807865
16,SAE_S_SVM_RBF,True,0.77912087912087913,0.77698630136986302,0.77395920648225758
16,SAE_S_SVM_RBF,False,0.81332861940958101,0.78381601362862008,0.79694323144104806
16,SAE_S_SVM_POLY,True,0.71318681318681321,0.61868446139180167,0.63062307907236659
16,SAE_S_SVM_POLY,False,0.71557362559660598,0.59740259740259738,0.62122270742358077
17,SVM,True,0.54674685620557684,0.54112554112554112,0.53609958506224065
17,SVM,False,0.60978996701961463,0.6024695592522723,0.60518806744487674
17,SVM_RBF,True,0.32476763258611263,0.92093023255813955,0.64426002766251733
17,SVM_RBF,False,1.0,1.0,1.0
17,SVM_POLY,True,0.62383816293056316,0.90627482128673553,0.77704011065006917
17,SVM_POLY,False,0.77486547474396805,0.98848538529672281,0.88335495028102029
17,Log,True,0.57791142700929465,0.55514705882352944,0.55214384508990322
17,Log,False,0.68616559625065088,0.65861379540153286,0.66649373108517074
17,DL,True,0.8758884636413341,0.88508287292817678,0.8796680497925311
17,DL,False,0.99982641902447489,1.0,0.99991353220925205
17,SAE_SVM,True,0.67632586112629856,0.6682874122096164,0.6663900414937759
17,SAE_SVM,False,0.6924145113695539,0.67564363143631434,0.68119325551232168
17,SAE_SVM_RBF,True,0.79223619464188078,0.77445216461785127,0.7781466113416321
17,SAE_SVM_RBF,False,0.81270612740843606,0.77632233460454314,0.79005620406398613
17,SAE_SVM_POLY,True,0.74685620557681798,0.59859772129710775,0.61853388658367914
17,SAE_SVM_POLY,False,0.75143204304808198,0.59382716049382711,0.62014699524427153
17,DL_S,True,0.90595954073264073,0.90595954073264073,0.90484094052558783
17,DL_S,False,0.99982641902447489,1.0,0.99991353220925205
17,SAE_S_SVM,True,0.65117550574084204,0.58325171400587661,0.5881051175656985
17,SAE_S_SVM,False,0.65960770699531335,0.58814425011608107,0.60034587116299176
17,SAE_S_SVM_RBF,True,0.84253690541279391,0.7681954137587238,0.79170124481327797
17,SAE_S_SVM_RBF,False,0.85037319909737896,0.76678666457974642,0.79662775616083004
17,SAE_S_SVM_POLY,True,0.76708583925642426,0.60657155209684388,0.63042876901798062
17,SAE_S_SVM_POLY,False,0.75681305328935944,0.59335873707131193,0.62049286640726331
18,SVM,True,0.4928335170893054,0.51946542707728061,0.51391207568169173
18,SVM,False,0.56827274308575404,0.59024390243902436,0.58684874315038704
18,SVM_RBF,True,0.37045203969128998,0.90566037735849059,0.662771285475793
18,SVM_RBF,False,1.0,1.0,1.0
18,SVM_POLY,True,0.68963616317530319,0.87421383647798745,0.79326655537006119
18,SVM_POLY,False,0.85249608627587403,0.97922077922077921,0.91719579020614073
18,Log,True,0.56394707828004409,0.54559999999999997,0.54284919309961044
18,Log,False,0.6816837710906245,0.65600937395379977,0.6620857615030008
18,DL,True,0.86328555678059538,0.87780269058295968,0.87033945464663331
18,DL,False,1.0,0.99982608695652186,0.99991302078803168
18,SAE_SVM,True,0.66207276736493936,0.65059588299024917,0.64997217584863665
18,SAE_SVM,False,0.68255348756305445,0.67736923873640598,0.67869879098895369
18,SAE_SVM_RBF,True,0.78610804851157667,0.76134543513080621,0.76766833611574847
18,SAE_SVM_RBF,False,0.8093581492433467,0.77049180327868849,0.78411759589458119
18,SAE_SVM_POLY,True,0.76074972436604194,0.57983193277310929,0.60100166944908184
18,SAE_SVM_POLY,False,0.76952513480605322,0.58518518518518514,0.61198573540923717
18,DL_S,True,0.89525909592061736,0.89427312775330392,0.8937117417918754
18,DL_S,False,1.0,0.99982608695652186,0.99991302078803168
18,SAE_S_SVM,True,0.62183020948180812,0.55786350148367958,0.56037840845854203
18,SAE_S_SVM,False,0.65246129761697691,0.58728667606074836,0.59693833173871447
18,SAE_S_SVM_RBF,True,0.82800441014332971,0.75629405840886199,0.77851975514746796
18,SAE_S_SVM_RBF,False,0.84571229779092016,0.76615190671289002,0.79377228842306691
18,SAE_S_SVM_POLY,True,0.76130099228224912,0.59321305841924399,0.61602671118530883
18,SAE_S_SVM_POLY,False,0.76726387197773527,0.59311550356326481,0.6204227189701661
19,SVM,True,0.55841252096143101,0.53365384615384615,0.53779877709838797
19,SVM,False,0.63694598337950137,0.59724025974025974,0.60225890529973936
19,SVM_RBF,True,0.39519284516489661,0.88596491228070173,0.67398554752640361
19,SVM_RBF,False,1.0,1.0,1.0
19,SVM_POLY,True,0.68474007825600891,0.88896952104499261,0.80072262367982217
19,SVM_POLY,False,0.84262465373961215,0.98144787255495058,0.91303214596003479
19,Log,True,0.58188932364449408,0.55520000000000003,0.56031128404669261
19,Log,False,0.69581024930747926,0.66771889018109321,0.67358818418766286
19,DL,True,0.87255449972051424,0.88391845979614947,0.87965536409116174
19,DL,False,0.9996537396121884,0.9996537396121884,0.99965247610773245
19,SAE_SVM,True,0.67467859139183906,0.65526601520086858,0.66175653140633683
19,SAE_SVM,False,0.6952908587257618,0.68067796610169495,0.68340573414422245
19,SAE_SVM_RBF,True,0.77808831749580776,0.74878967186659495,0.75986659255141742
19,SAE_SVM_RBF,False,0.80730609418282551,0.77355673523556734,0.7847089487402259
19,SAE_SVM_POLY,True,0.74343208496366686,0.59111111111111114,0.61673151750972766
19,SAE_SVM_POLY,False,0.74671052631578949,0.60575842696629212,0.629018245004344
19,DL_S,True,0.88373392956959196,0.89322033898305087,0.88966092273485264
19,DL_S,False,1.0,0.99982689977496964,0.99991311902693314
19,SAE_S_SVM,True,0.67244270542202345,0.56425891181988741,0.57893274041133969
19,SAE_S_SVM,False,0.68265235457063711,0.59454161640530756,0.60712423979148566
19,SAE_S_SVM_RBF,True,0.81721632196757965,0.75089881869542885,0.77431906614785995
19,SAE_S_SVM_RBF,False,0.84868421052631582,0.76737633061991228,0.7949609035621199
19,SAE_S_SVM_POLY,True,0.74231414197875911,0.58502202643171797,0.61006114508060039
19,SAE_S_SVM_POLY,False,0.75623268698060941,0.60373185901865933,0.62858384013900959
20,SVM,True,0.52487698195735377,0.51919956733369388,0.52032742155525236
20,SVM,False,0.58364693807731782,0.58635504382196257,0.58719195020039228
20,SVM_RBF,True,0.38490978676872606,0.88331242158092849,0.66766712141882678
20,SVM_RBF,False,1.0,1.0,1.0
20,SVM_POLY,True,0.61946418808091852,0.89423835832675624,0.77353342428376537
20,SVM_POLY,False,0.77215189873417722,0.98969524227143157,0.88240811801824848
20,Log,True,0.56041552761071622,0.54608417687799682,0.54815825375170535
20,Log,False,0.68268901813205607,0.6561986188753699,0.66351155453227595
20,DL,True,0.88026243849097863,0.87404994571118355,0.87694406548431103
20,DL,False,0.99982894286691759,0.99965794424491194,0.99974418009721155
20,SAE_SVM,True,0.67249863313285951,0.67213114754098358,0.67285129604365623
20,SAE_SVM,False,0.67345193294560379,0.67127024722932649,0.6728063443335891
20,SAE_SVM_RBF,True,0.78786221979223614,0.75563712637650771,0.7669849931787176
20,SAE_SVM_RBF,False,0.803284296955183,0.78110445775116433,0.78971603990790484
20,SAE_SVM_POLY,True,0.75724439584472392,0.59137489325362935,0.61773533424283766
20,SAE_SVM_POLY,False,0.7418747861785836,0.58862649294245384,0.61285921378016539
20,DL_S,True,0.90650628758884633,0.89815817984832069,0.90204638472032739
20,DL_S,False,0.99948682860075266,0.99965782720273744,0.99957363349535255
20,SAE_S_SVM,True,0.62821213778020779,0.57192633150821304,0.57980900409276948
20,SAE_S_SVM,False,0.65189873417721522,0.58757323465926614,0.59836275262215399
20,SAE_S_SVM_RBF,True,0.83761618370694368,0.75171736997055938,0.78090040927694404
20,SAE_S_SVM_RBF,False,0.85596989394457745,0.77317676143386893,0.80301867485290357
20,SAE_S_SVM_POLY,True,0.75341716785128487,0.59090909090909094,0.61664392905866305
20,SAE_S_SVM_POLY,False,0.75179609989736573,0.5972278842233999,0.62351837639635033
21,SVM,True,0.54452239611440911,0.5614913745130774,0.5522633744855967
21,SVM,False,0.61126373626373631,0.61042524005486964,0.61101106251607928
21,SVM_RBF,True,0.37021046950890446,0.90981432360742709,0.66117969821673528
21,SVM_RBF,False,1.0,1.0,1.0
21,SVM_POLY,True,0.61144090663788453,0.91740890688259114,0.77448559670781891
21,SVM_POLY,False,0.7790178571428571,0.986304347826087,0.88422948289169023
21,Log,True,0.57690232056125201,0.57752566180442999,0.57037037037037042
21,Log,False,0.68286401098901095,0.65508153516718826,0.66203584598233423
21,DL,True,0.88882892606583919,0.89510869565217388,0.89053497942386828
21,DL,False,0.99948489010989006,0.99965653443242319,0.99957122030700629
21,SAE_SVM,True,0.65839179708580675,0.67777777777777781,0.66721536351165978
21,SAE_SVM,False,0.68320741758241754,0.67785349233390124,0.67961581339507759
21,SAE_SVM_RBF,True,0.79708580679978414,0.78272390037095918,0.78436213991769543
21,SAE_SVM_RBF,False,0.80116758241758246,0.77844511177844511,0.78681073664351253
21,SAE_SVM_POLY,True,0.7280086346465191,0.60520412741139529,0.62030178326474628
21,SAE_SVM_POLY,False,0.73712225274725274,0.59018421776189167,0.61306920504244922
21,DL_S,True,0.90825688073394495,0.90776699029126207,0.90644718792866941
21,DL_S,False,0.99965659340659341,0.99948497854077256,0.99957122030700629
21,SAE_S_SVM,True,0.62547220723151642,0.57518610421836225,0.57475994513031547
21,SAE_S_SVM,False,0.6540178571428571,0.58572966323235431,0.59617528513849583
21,SAE_S_SVM_RBF,True,0.84025903939557478,0.78835443037974684,0.80411522633744859
21,SAE_S_SVM_RBF,False,0.82846840659340659,0.78200972447325767,0.7989880799245348
21,SAE_S_SVM_POLY,True,0.74689692390717755,0.61565836298932386,0.63429355281207134
21,SAE_S_SVM_POLY,False,0.74038461538461542,0.59190116678105698,0.61538461538461542
22,SVM,True,0.57541899441340782,0.55917480998914226,0.56296914095079231
22,SVM,False,0.60760152724748351,0.61855123674911661,0.61591936044490792
22,SVM_RBF,True,0.41452513966480448,0.85879629629629628,0.67472894078398671
22,SVM_RBF,False,1.0,1.0,1.0
22,SVM_POLY,True,0.65418994413407816,0.89457601222307104,0.78954684459271618
22,SVM_POLY,False,0.8122179798681014,0.98195551825430127,0.89850538755648246
22,Log,True,0.57988826815642458,0.55124800849707911,0.55601890464275783
22,Log,False,0.69784796945505034,0.66243822075782532,0.67066388599235316
22,DL,True,0.86759776536312849,0.87839366515837103,0.87433972755073674
22,DL,False,0.99965289829920168,0.99982641902447489,0.99973931178310738
22,SAE_SVM,True,0.67150837988826817,0.66080263881253432,0.66499860995273841
22,SAE_SVM,False,0.67788962165914612,0.66564417177914115,0.66823079596802226
22,SAE_SVM_RBF,True,0.78435754189944129,0.74601487778958553,0.75979983319432864
22,SAE_SVM_RBF,False,0.80163137799375217,0.76422898742554601,0.77685088633993749
22,SAE_SVM_POLY,True,0.73128491620111735,0.57894736842105265,0.60161245482346404
22,SAE_SVM_POLY,False,0.75616105518917043,0.59254725962192301,0.61757038581856105
22,DL_S,True,0.89776536312849164,0.89129229062673332,0.89463441757019735
22,DL_S,False,1.0,1.0,1.0
22,SAE_S_SVM,True,0.64804469273743015,0.56338028169014087,0.57492354740061158
22,SAE_S_SVM,False,0.66834432488719198,0.58588163699984785,0.59741049704553351
22,SAE_S_SVM_RBF,True,0.83072625698324021,0.75482233502538076,0.78148457047539621
22,SAE_S_SVM_RBF,False,0.85196112460951057,0.77490134175217051,0.80196385123392422
22,SAE_S_SVM_POLY,True,0.73463687150837986,0.57423580786026207,0.59688629413400052
22,SAE_S_SVM_POLY,False,0.75251648733078791,0.59267359212684523,0.61713590545707331
23,SVM,True,0.52602436323366553,0.54629097182288666,0.54394233434987527
23,SVM,False,0.58947732779508477,0.60778015703069233,0.60402044883458972
23,SVM_RBF,True,0.4424141749723145,0.8545454545454545,0.68311616301635714
23,SVM_RBF,False,1.0,1.0,1.0
23,SVM_POLY,True,0.59966777408637872,0.88843314191960621,0.76185195453285282
23,SVM_POLY,False,0.76773970231914157,0.98731359893167159,0.87878000173295212
23,Log,True,0.56921373200442971,0.54768247202983489,0.548932630995287
23,Log,False,0.68708895811699555,0.6628819502421105,0.66839961875054155
23,DL,True,0.86267995570321154,0.89283667621776519,0.87940116440255056
23,DL,False,0.99965385946694363,1.0,0.99982670479161251
23,SAE_SVM,True,0.67940199335548168,0.66830065359477109,0.67064042140282787
23,SAE_SVM,False,0.69020422291450334,0.67857750553003238,0.68122346417121571
23,SAE_SVM_RBF,True,0.80066445182724255,0.77037826318593505,0.78070418630440808
23,SAE_SVM_RBF,False,0.80460366908965042,0.77820555741546704,0.78736677930855214
23,SAE_SVM_POLY,True,0.71926910299003322,0.58911564625850343,0.60826171333518164
23,SAE_SVM_POLY,False,0.73243336794738667,0.59379823207520699,0.61519798977558271
23,DL_S,True,0.87209302325581395,0.90465249856404362,0.88993623509841979
23,DL_S,False,0.99982692973347176,1.0,0.99991335239580625
23,SAE_S_SVM,True,0.62790697674418605,0.57157258064516125,0.57804269476018855
23,SAE_S_SVM,False,0.6642436829352717,0.58711947376472384,0.59804176414522137
23,SAE_S_SVM_RBF,True,0.81561461794019929,0.76360808709175743,0.78125866370945385
23,SAE_S_SVM_RBF,False,0.8321218414676359,0.76940310449671945,0.79109262628888311
23,SAE_S_SVM_POLY,True,0.72591362126245851,0.59321266968325792,0.6135292486831162
23,SAE_S_SVM_POLY,False,0.75095188646590516,0.60030437188710573,0.62498916904947577
24,SVM,True,0.51877133105802042,0.52293577981651373,0.52625635234330892
24,SVM,False,0.58170967175706512,0.59916832399204489,0.59406989057536186
24,SVM_RBF,True,0.94141069397042099,0.56736372985944461,0.61462450592885376
24,SVM_RBF,False,1.0,1.0,1.0
24,SVM_POLY,True,0.72184300341296925,0.8782006920415224,0.81225296442687744
24,SVM_POLY,False,0.87063366684219767,0.98062475286674577,0.92631486057183199
24,Log,True,0.58191126279863481,0.54940923737916214,0.55561829474872948
24,Log,False,0.68702826048797616,0.65440561778966733,0.66025414754677025
24,DL,True,0.87258248009101247,0.87707261292166949,0.87605872388481087
24,DL,False,0.99982446901878186,1.0,0.99991175432403812
24,SAE_SVM,True,0.69226393629124006,0.6643013100436681,0.67363071710897793
24,SAE_SVM,False,0.70545901351588558,0.68466780238500857,0.68858100953053303
24,SAE_SVM_RBF,True,0.80489192263936293,0.74986751457339695,0.76990400903444378
24,SAE_SVM_RBF,False,0.82411795681937861,0.76628039823731031,0.78521002470878931
24,SAE_SVM_POLY,True,0.78839590443686003,0.58161980696600923,0.61349520045172223
24,SAE_SVM_POLY,False,0.79533087589959628,0.59128278742007045,0.62072008471584894
24,DL_S,True,0.91012514220705343,0.89837170129140931,0.90429136081309991
24,DL_S,False,0.99964893803756361,1.0,0.99982350864807623
24,SAE_S_SVM,True,0.62912400455062567,0.55717884130982365,0.56775832862789388
24,SAE_S_SVM,False,0.66824644549763035,0.59170034193347842,0.60139428168019771
24,SAE_S_SVM_RBF,True,0.83048919226393625,0.75608493008803723,0.78289102202145677
24,SAE_S_SVM_RBF,False,0.85922415306301558,0.77317959248144053,0.80250617719731732
24,SAE_S_SVM_POLY,True,0.77019340159271898,0.58311800172265305,0.61264822134387353
24,SAE_S_SVM_POLY,False,0.77953308758995965,0.59268650740691309,0.6198376279562301
25,SVM,True,0.5546026300743282,0.52918712493180575,0.53642010163749299
25,SVM,False,0.63237625506429451,0.61137602179836514,0.61442061600917841
25,SVM_RBF,True,0.87592910234419663,0.64860287891617274,0.70440429136081306
25,SVM_RBF,False,1.0,1.0,1.0
25,SVM_POLY,True,0.66895368782161235,0.88636363636363635,0.79418407679277248
25,SVM_POLY,False,0.83195349656508721,0.9837533847115183,0.90892242520518929
25,Log,True,0.56775300171526588,0.53821138211382114,0.54601919819311129
25,Log,False,0.69050554870530212,0.66193853427895977,0.66825522901773893
25,DL,True,0.8713550600343053,0.87636572742955721,0.87577639751552794
25,DL,False,1.0,0.99912002815909895,0.99955873268025774
25,SAE_SVM,True,0.65866209262435682,0.65269121813031161,0.65838509316770188
25,SAE_SVM,False,0.69332393870001763,0.67791939373062349,0.68131674168211098
25,SAE_SVM_RBF,True,0.76901086335048596,0.74972129319955405,0.75917560700169395
25,SAE_SVM_RBF,False,0.80200810287123481,0.77616774633481089,0.78492630835760302
25,SAE_SVM_POLY,True,0.74385363064608345,0.58158247653106843,0.60926030491247885
25,SAE_SVM_POLY,False,0.75990840232517176,0.59307121253780593,0.61848027535080752
25,DL_S,True,0.89079473985134361,0.89181453921007436,0.89271597967250138
25,DL_S,False,0.9996477012506606,0.99982381959126143,0.99973523960815458
25,SAE_S_SVM,True,0.63865065751858208,0.5518774703557312,0.56549971767363072
25,SAE_S_SVM,False,0.66813457812224764,0.59284151297280396,0.60383020033536317
25,SAE_S_SVM_RBF,True,0.82618639222412804,0.73611818644931226,0.76792772444946356
25,SAE_S_SVM_RBF,False,0.85273912277611419,0.77381713554987208,0.80134145265201662
25,SAE_S_SVM_POLY,True,0.74957118353344765,0.5811170212765957,0.60954263128176167
25,SAE_S_SVM_POLY,False,0.76237449357054787,0.59434221367756113,0.62024534462977676
26,SVM,True,0.55044345898004432,0.54560439560439555,0.53728813559322031
26,SVM,False,0.60932789501684692,0.59058095565486424,0.59510773578240905
26,SVM_RBF,True,0.32982261640798227,0.91679506933744226,0.64322033898305087
26,SVM_RBF,False,1.0,1.0,1.0
26,SVM_POLY,True,0.60476718403547669,0.91450125733445098,0.76977401129943501
26,SVM_POLY,False,0.7678666430218124,0.99198167239404367,0.88131402331331687
26,Log,True,0.56263858093126384,0.55892070484581502,0.55084745762711862
26,Log,False,0.66802624578826031,0.6503798342541437,0.65586365241963973
26,DL,True,0.8569844789356984,0.87394007914075744,0.86412429378531075
26,DL,False,1.0,0.99982269503546095,0.99991169198163188
26,SAE_SVM,True,0.66518847006651882,0.67643742953776775,0.66723163841807909
26,SAE_SVM,False,0.68380918602589114,0.6769662921348315,0.68006004945249032
26,SAE_SVM_RBF,True,0.78935698447893565,0.77097996751488906,0.77316384180790965
26,SAE_SVM_RBF,False,0.80688065259797837,0.79295921924015333,0.79892264217590958
26,SAE_SVM_POLY,True,0.69179600886917958,0.60907759882869694,0.6166666666666667
26,SAE_SVM_POLY,False,0.69888278063486431,0.60630769230769233,0.62407276580713533
26,DL_S,True,0.89634146341463417,0.90385690329793178,0.89858757062146888
26,DL_S,False,0.99982266359283556,1.0,0.99991169198163188
26,SAE_S_SVM,True,0.62804878048780488,0.57600406710726992,0.57485875706214684
26,SAE_S_SVM,False,0.6327363007625465,0.57585539057456425,0.58504062168844928
26,SAE_S_SVM_RBF,True,0.82871396895787142,0.7710159876224858,0.78728813559322031
26,SAE_S_SVM_RBF,False,0.83472246852278775,0.78817816476892166,0.80598728364535499
26,SAE_S_SVM_POLY,True,0.72560975609756095,0.60601851851851851,0.61977401129943499
26,SAE_S_SVM_POLY,False,0.72104983153041324,0.59531478770131774,0.61700812433768981
27,SVM,True,0.53945159485170679,0.54772727272727273,0.54725950782997768
27,SVM,False,0.60699841744329175,0.61270855520056799,0.61393234857092915
27,SVM_RBF,True,0.30777839955232233,0.91973244147157196,0.64065995525727071
27,SVM_RBF,False,1.0,1.0,1.0
27,SVM_POLY,True,0.58925573587017344,0.89161727349703646,0.75894854586129756
27,SVM_POLY,False,0.76542992790574993,0.98640380693405849,0.87815750371471024
27,Log,True,0.5651930609960828,0.55647382920110189,0.55760626398210289
27,Log,False,0.68524705468612623,0.66547131147540983,0.67231885324709384
27,DL,True,0.87129266927811977,0.88465909090909089,0.87891498881431762
27,DL,False,0.99982416036574639,1.0,0.99991259505287999
27,SAE_SVM,True,0.67543368774482371,0.65278528934559221,0.65827740492170017
27,SAE_SVM,False,0.67979602602426592,0.670482136663198,0.67476619176645403
27,SAE_SVM_RBF,True,0.76496922216004481,0.75109890109890109,0.75587248322147649
27,SAE_SVM_RBF,False,0.79585018463161594,0.77354298410528111,0.78271130145966261
27,SAE_SVM_POLY,True,0.71404588696138782,0.58774758175955777,0.60682326621923932
27,SAE_SVM_POLY,False,0.72463513275892388,0.59595083152566886,0.61891443055676953
27,DL_S,True,0.88528259653049801,0.90971822886716502,0.89876957494407161
27,DL_S,False,1.0,1.0,1.0
27,SAE_S_SVM,True,0.63066592053721315,0.55986090412319922,0.56767337807606266
27,SAE_S_SVM,False,0.65394759978899242,0.58826320784561847,0.60047198671444801
27,SAE_S_SVM_RBF,True,0.82708449916060434,0.75872689938398352,0.78215883668903807
27,SAE_S_SVM_RBF,False,0.84244768770880951,0.77000964320154286,0.79660868805174367
27,SAE_S_SVM_POLY,True,0.72859541130386118,0.59262630860263998,0.61409395973154357
27,SAE_S_SVM_POLY,False,0.73571302971689823,0.59831259831259831,0.62310986801852986
28,SVM,True,0.55120313374370455,0.53561718325176721,0.53884711779448624
28,SVM,False,0.62665274878218513,0.60517473118279574,0.60863509749303624
28,SVM_RBF,True,0.40794627867935085,0.88363636363636355,0.67864104706209971
28,SVM_RBF,False,1.0,1.0,1.0
28,SVM_POLY,True,0.62171236709569111,0.88738019169329074,0.77248677248677244
28,SVM_POLY,False,0.7903618649965205,0.98589409722222221,0.88944986072423393
28,Log,True,0.55120313374370455,0.53185745140388774,0.53522695627958783
28,Log,False,0.68371607515657618,0.6610597140454163,0.66634749303621166
28,DL,True,0.86737548964745381,0.86883408071748869,0.86883876357560563
28,DL,False,0.9993041057759221,1.0,0.99965181058495822
28,SAE_SVM,True,0.6776720761052043,0.65922700054436578,0.66527429685324424
28,SAE_SVM,False,0.68928322894919969,0.67970492365757418,0.68201601671309198
28,SAE_SVM_RBF,True,0.79071068830442082,0.75360000000000005,0.76719576719576721
28,SAE_SVM_RBF,False,0.80567153792623525,0.77831932773109247,0.7879526462395543
28,SAE_SVM_POLY,True,0.7621712367095691,0.58580645161290323,0.61347813979392929
28,SAE_SVM_POLY,False,0.75835073068893533,0.59033044420368364,0.61577298050139273
28,DL_S,True,0.88919977616116397,0.90541310541310538,0.89863547758284601
28,DL_S,False,0.99947807933194155,0.99965199234383162,0.99956476323119781
28,SAE_S_SVM,True,0.62003357582540575,0.55124378109452732,0.55973266499582286
28,SAE_S_SVM,False,0.6537926235212248,0.57922318125770655,0.58913649025069637
28,SAE_S_SVM_RBF,True,0.84219362059317293,0.76202531645569616,0.79058758006126428
28,SAE_S_SVM_RBF,False,0.84324982602644394,0.77926045016077172,0.80205431754874656
28,SAE_S_SVM_POLY,True,0.75097929490766646,0.590669014084507,0.61709830130882759
28,SAE_S_SVM_POLY,False,0.74217118997912312,0.59423318010865023,0.6174268802228412
29,SVM,True,0.50164473684210531,0.53290623179965058,0.53518065743004617
29,SVM,False,0.58607872951512074,0.6112775330396476,0.60468670402445235
29,SVM_RBF,True,0.92543859649122806,0.58713043478260873,0.64058679706601462
29,SVM_RBF,False,1.0,1.0,1.0
29,SVM_POLY,True,0.66611842105263153,0.88492352512745809,0.79163270850312417
29,SVM_POLY,False,0.82581517148166916,0.97936285313564431,0.90371879775853281
29,Log,True,0.55756578947368418,0.54385026737967912,0.54903558815539255
29,Log,False,0.69015036323703327,0.65738654650788542,0.6635252165053489
29,DL,True,0.89254385964912286,0.872454448017149,0.88209725618038581
29,DL,False,0.9996621050853185,0.9996621050853185,0.99966038376634403
29,SAE_SVM,True,0.69517543859649122,0.66807165437302418,0.67780494430861182
29,SAE_SVM,False,0.69167089035310014,0.67882606532913281,0.68059093224656142
29,SAE_SVM_RBF,True,0.80098684210526316,0.76212832550860721,0.77750611246943768
29,SAE_SVM_RBF,False,0.81956411556006081,0.78002894356005792,0.79317371370351508
29,SAE_SVM_POLY,True,0.73355263157894735,0.58148631029986964,0.60635696821515894
29,SAE_SVM_POLY,False,0.75198513262375399,0.59307128580946034,0.61606384785192736
29,DL_S,True,0.9084429824561403,0.90348964013086153,0.90654713393099706
29,DL_S,False,0.99949315762797775,0.99966204798918556,0.99957547970793004
29,SAE_S_SVM,True,0.62335526315789469,0.54506232023010548,0.55555555555555558
29,SAE_S_SVM,False,0.66396350734921439,0.58604235013420813,0.59543216165732726
29,SAE_S_SVM_RBF,True,0.83497807017543857,0.75508180466038677,0.7840260798696006
29,SAE_S_SVM_RBF,False,0.8553809765163034,0.77724900214921722,0.80412633723892002
29,SAE_S_SVM_POLY,True,0.73190789473684215,0.57767200346170489,0.60201032328171689
29,SAE_S_SVM_POLY,False,0.76144619023483695,0.59758684699018827,0.6224316522329767
30,SVM,True,0.49972051425377306,0.51766068326577885,0.51677852348993292
30,SVM,False,0.56657323055360898,0.5779127948534668,0.57727272727272727
30,SVM_RBF,True,0.32364449413079932,0.919047619047619,0.64737136465324385
30,SVM_RBF,False,1.0,1.0,1.0
30,SVM_POLY,True,0.60313024035774176,0.90066777963272115,0.76817673378076068
30,SVM_POLY,False,0.77610371408549406,0.98575878949710727,0.88269230769230766
30,Log,True,0.57350475125768585,0.5542949756888168,0.55592841163310958
30,Log,False,0.67939733707077787,0.65584305766954165,0.66215034965034969
30,DL,True,0.85466741196198992,0.87772675086107921,0.86772930648769575
30,DL,False,0.99964961457603363,0.99982477659015234,0.99973776223776223
30,SAE_SVM,True,0.65790944661822248,0.66123595505617982,0.66023489932885904
30,SAE_SVM,False,0.68079887876664336,0.67629655412460843,0.67814685314685319
30,SAE_SVM_RBF,True,0.76523197316936831,0.77300959909655564,0.77013422818791943
30,SAE_SVM_RBF,False,0.79257182901191314,0.7843273231622746,0.78776223776223775
30,SAE_SVM_POLY,True,0.72498602571268866,0.58954545454545459,0.6098993288590604
30,SAE_SVM_POLY,False,0.73826208829712681,0.58871193070690142,0.61206293706293702
30,DL_S,True,0.90497484628283953,0.90751121076233199,0.90631991051454142
30,DL_S,False,1.0,0.999824837975127,0.99991258741258737
30,SAE_S_SVM,True,0.62828395751816657,0.56003986048829102,0.56711409395973156
30,SAE_S_SVM,False,0.65154169586545196,0.58073079325421606,0.59143356643356648
30,SAE_S_SVM_RBF,True,0.82057015092230301,0.76738107684265555,0.78579418344519014
30,SAE_S_SVM_RBF,False,0.83409250175192717,0.78100393700787396,0.80052447552447548
30,SAE_S_SVM_POLY,True,0.72051425377305756,0.58751139471285319,0.60710290827740487
30,SAE_S_SVM_POLY,False,0.72599859845830417,0.58647042173789976,0.6078671328671329
